Country Name,Country Code,Indicator Name,Indicator Code,1990,1991,1992,1993,1994,1995,1996,1997,1998,1999,2000,2001,2002,2003,2004,2005,2006,2007,2008,2009,2010,2011,2012,2013,2014,2015,2016,2017,2018,2019,2020
Aruba,ABW,"Access to electricity, rural (% of rural population)",EG.ELC.ACCS.RU.ZS,100,98.37377416,98.42825975,98.5017492,100,100,100,100,100,100,100,100,100,100,100,100,100,100,100,100,100,100,100,100,100,100,100,100,100,100,100
Africa Eastern and Southern,AFE,"Access to electricity, rural (% of rural population)",EG.ELC.ACCS.RU.ZS,,,,,,,,,,,8.623110312,,,9.773262292,10.9615302,10.39834684,12.43589802,12.40095629,12.8878432,15.39695576,14.57764222,16.1394251,19.30785024,18.5355233,17.48500555,16.3297652,24.37250351,25.15329179,27.22739139,29.38299964,30.16336364
Afghanistan,AFG,"Access to electricity, rural (% of rural population)",EG.ELC.ACCS.RU.ZS,,,,,,,,,,,,,,,3.240603924,11.11385155,15.7653656,22.06067848,27.95425034,34.74578476,30.21879959,29.57287979,60.84915543,60.56613541,86.50051117,64.57335663,97.0993576,97.09197235,95.58617401,97.07563019,97.06671143
Africa Western and Central,AFW,"Access to electricity, rural (% of rural population)",EG.ELC.ACCS.RU.ZS,,,,12.1097459,12.42225105,12.80900058,12.66443298,15.07086078,14.2680451,17.95834813,16.54195336,16.07161365,15.76640703,21.42082519,16.72682781,17.58584819,17.85808674,17.77592995,19.53733405,18.78728874,20.57095714,22.33541295,19.81937004,23.28275207,22.54456007,22.78758559,27.38078982,,,,25.45950601
Angola,AGO,"Access to electricity, rural (% of rural population)",EG.ELC.ACCS.RU.ZS,,,,,,,,,,,3.536051273,9.47707653,2.921275139,2.461781979,1.885920763,1.188117266,0.846492827,,6.609388351,,,,,,,3.815066576,,,7.333445072,,
Albania,ALB,"Access to electricity, rural (% of rural population)",EG.ELC.ACCS.RU.ZS,100,100,100,100,100,100,100,100,100,100,100,100,100,100,100,100,100,100,100,100,100,100,100,100,100,100,100,100,100,100,100
Andorra,AND,"Access to electricity, rural (% of rural population)",EG.ELC.ACCS.RU.ZS,100,100,100,100,100,100,100,100,100,100,100,100,100,100,100,100,100,100,100,100,100,100,100,100,100,100,100,100,100,100,100
Arab World,ARB,"Access to electricity, rural (% of rural population)",EG.ELC.ACCS.RU.ZS,,,54.76755804,57.02203619,58.25506158,57.95906618,60.29066298,61.11574126,62.56667095,63.53537031,68.6869362,70.93326785,70.56832021,72.43633493,68.84449036,70.32722589,74.07405281,70.47046506,70.3130928,71.23753312,75.86740546,76.07917933,75.8464109,80.16871378,78.16860359,79.35508886,80.10439798,82.6285211,83.17240017,83.74995784,81.61029832
United Arab Emirates,ARE,"Access to electricity, rural (% of rural population)",EG.ELC.ACCS.RU.ZS,100,100,100,100,100,100,100,100,100,100,100,100,100,100,100,100,100,100,100,100,100,100,100,100,100,100,100,100,100,100,100
Argentina,ARG,"Access to electricity, rural (% of rural population)",EG.ELC.ACCS.RU.ZS,78.89458832,79.25427097,79.77863509,80.33370066,80.93588634,81.60809342,82.36987684,83.24706202,84.26384069,85.43186463,90.10272217,86.0806427,91.36688232,91.89742279,92.30157471,92.5335083,92.56249237,92.43852997,92.23491669,92.03239441,96.12537384,95.85079956,94.68993378,94.68718719,100,97.09149933,98.8367691,100,99.87181091,100,100
Armenia,ARM,"Access to electricity, rural (% of rural population)",EG.ELC.ACCS.RU.ZS,,,,,,,,,,,98.53397369,100,95.6984787,99.07201385,99.09254456,99.62270355,99.02339935,98.94639587,98.86361694,98.79253387,99.973526,99.55459595,99.35077667,99.43714905,99.79554749,100,99.80000305,99.52897644,99.90000153,100,100
American Samoa,ASM,"Access to electricity, rural (% of rural population)",EG.ELC.ACCS.RU.ZS,,,,,,,,,,,,,,,,,,,,,,,,,,,,,,,
Antigua and Barbuda,ATG,"Access to electricity, rural (% of rural population)",EG.ELC.ACCS.RU.ZS,93.43863479,93.70986522,94.0200279,94.3252592,94.62488355,94.91785189,95.2032694,95.48025559,95.74795828,96.00552515,96.59548187,96.75639343,100,97.07985687,97.23549652,100,100,100,100,97.94481659,98.10731506,92.66983032,100,100,100,100,100,100,100,100,100
Australia,AUS,"Access to electricity, rural (% of rural population)",EG.ELC.ACCS.RU.ZS,100,100,100,100,100,100,100,100,100,100,100,100,100,100,100,100,100,100,100,100,100,100,100,100,100,100,100,100,100,100,100
Austria,AUT,"Access to electricity, rural (% of rural population)",EG.ELC.ACCS.RU.ZS,100,100,100,100,100,100,100,100,100,100,100,100,100,100,100,100,100,100,100,100,100,100,100,100,100,100,100,100,100,100,100
Azerbaijan,AZE,"Access to electricity, rural (% of rural population)",EG.ELC.ACCS.RU.ZS,,,,,,,,,,,98.06608582,97.61593628,100,98.24875641,98.54092407,98.81291199,99.16723633,99.30285645,99.54162598,99.80123901,99.91911316,99.90000153,100,100,100,100,100,100,100,100,100
Burundi,BDI,"Access to electricity, rural (% of rural population)",EG.ELC.ACCS.RU.ZS,,,,,,,,,,,,,,,,,,,0.882571578,,,,,0.998028159,0.980122626,1.737854719,2.384181738,1.658408761,3.310829401,3.451540947,3.484119415
Belgium,BEL,"Access to electricity, rural (% of rural population)",EG.ELC.ACCS.RU.ZS,100,100,100,100,100,100,100,100,100,100,100,100,100,100,100,100,100,100,100,100,100,100,100,100,100,100,100,100,100,100,100
Benin,BEN,"Access to electricity, rural (% of rural population)",EG.ELC.ACCS.RU.ZS,,,,,,,2.777057832,2.951533864,3.770841554,4.592487065,5.407822132,4.449229717,6.896841049,7.516693115,8.116897583,8.697264671,7.915503502,9.800449371,10.33693027,10.87603188,10.57369995,13.6236372,14.55078602,13.43097687,16.22601128,11.06600285,15.29436016,17.19218445,16.74735069,17.4756794,18.19651031
Burkina Faso,BFA,"Access to electricity, rural (% of rural population)",EG.ELC.ACCS.RU.ZS,,,,2.1188632,1.35751354,1.631875988,1.897430502,2.07642889,2.171453482,,2.28384614,2.256229877,2.189110518,1.152560472,1.934472084,1.744947553,1.511310816,1.336691976,1.218693733,2.550698757,1.529839158,1.924001455,1.531152487,1.082254171,4.749875546,,,,,,
Bangladesh,BGD,"Access to electricity, rural (% of rural population)",EG.ELC.ACCS.RU.ZS,,3.17101853,,,2.238844849,3.734337548,6.693304209,5.881475742,12.65507279,15.65812859,16.81052208,21.51697922,24.42725945,27.35251808,27.87629128,30.17185783,40.17095566,32.49226379,42.30385971,45.39578247,39.9978981,45.70708847,54.64748001,48.58776474,48.12120056,65.22212982,66.14364624,81.57102966,89.08300781,88.85359955,95.21196747
Bulgaria,BGR,"Access to electricity, rural (% of rural population)",EG.ELC.ACCS.RU.ZS,100,100,100,100,100,100,100,100,100,100,100,100,100,100,100,100,100,100,100,100,100,100,100,100,100,100,100,100,100,100,100
Bahrain,BHR,"Access to electricity, rural (% of rural population)",EG.ELC.ACCS.RU.ZS,99.50588706,99.72060593,99.88952357,99.97534657,99.99802825,100,100,100,100,100,100,100,100,100,100,100,100,100,100,100,100,100,100,100,100,100,100,100,100,100,100
"Bahamas, The",BHS,"Access to electricity, rural (% of rural population)",EG.ELC.ACCS.RU.ZS,100,100,100,100,100,100,100,100,100,100,100,100,100,100,100,100,100,100,100,100,100,100,100,100,100,100,100,100,100,100,100
Bosnia and Herzegovina,BIH,"Access to electricity, rural (% of rural population)",EG.ELC.ACCS.RU.ZS,100,100,100,100,100,100,100,100,100,100,100,100,100,100,100,100,100,100,100,100,100,100,100,100,100,100,100,100,100,100,100
Belarus,BLR,"Access to electricity, rural (% of rural population)",EG.ELC.ACCS.RU.ZS,100,100,100,100,100,100,100,100,100,100,100,100,100,100,100,100,100,100,100,100,100,100,100,100,100,100,100,100,100,100,100
Belize,BLZ,"Access to electricity, rural (% of rural population)",EG.ELC.ACCS.RU.ZS,,42.79484025,52.5183057,54.20995042,55.89249978,57.56851575,59.23781746,60.90264985,62.56307821,64.2206404,65.6969986,67.38751984,68.85503387,70.30734253,71.7432785,73.16130066,85.12733459,75.9522934,77.34288025,78.7431488,84.06894684,87.8571701,85.86384583,86.06543732,86.25106812,87.55831909,89.38884735,91.02072144,86.51377106,87.83975983,96.07446289
Bermuda,BMU,"Access to electricity, rural (% of rural population)",EG.ELC.ACCS.RU.ZS,100,100,100,100,100,100,100,100,100,100,100,100,100,100,100,100,100,100,100,100,100,100,100,100,100,100,100,100,100,100,100
Bolivia,BOL,"Access to electricity, rural (% of rural population)",EG.ELC.ACCS.RU.ZS,,,13.21458221,13.37251695,23.16792885,20.26169604,32.95676143,24.22403726,32.67827709,28.37385189,28.16743088,28.0133419,22.52780151,34.95559311,40.49040222,29.54500389,41.57055664,46.53506088,57.00263596,63.27758026,66.26538086,66.64757538,72.16989136,68.51673889,70.29286194,74.33849335,74.86945343,74.8204422,77.58667755,84.92347717,91.81351471
Brazil,BRA,"Access to electricity, rural (% of rural population)",EG.ELC.ACCS.RU.ZS,58.94843202,68.14102305,62.01330143,64.30439787,69.52603034,67.94611429,71.04176396,71.83858403,74.68870522,76.50735511,74.39940643,81.87576294,84.11795044,85.3215332,83.45054626,84.83053589,87.16542053,89.7762146,91.85225677,93.61740112,92.13961029,96.1905899,97.22181702,97.50203705,97.91007996,98.23240662,98.46713257,99.16959381,98.41090393,98.48208618,100
Barbados,BRB,"Access to electricity, rural (% of rural population)",EG.ELC.ACCS.RU.ZS,99.97485695,99.98958425,99.99792879,100,100,100,100,100,100,100,100,100,100,100,100,100,100,100,100,100,100,100,100,100,100,100,100,100,100,100,100
Brunei Darussalam,BRN,"Access to electricity, rural (% of rural population)",EG.ELC.ACCS.RU.ZS,100,100,100,100,100,100,100,100,100,100,100,100,100,100,100,100,100,100,100,100,100,100,100,100,100,100,100,100,100,100,100
Bhutan,BTN,"Access to electricity, rural (% of rural population)",EG.ELC.ACCS.RU.ZS,,,,,,,,,,,8.796516418,19.5000267,23.71965599,18.45110893,32.43301392,43.22629166,41.99067688,58.85198212,52.30018997,57.63077164,59.39778137,72.0372467,86.8699646,80.34894562,86.59482574,92.91911316,99.4221344,96.76015472,99.96322632,100,100
Botswana,BWA,"Access to electricity, rural (% of rural population)",EG.ELC.ACCS.RU.ZS,,3.973637411,1.632298039,3.258356957,4.85342418,6.418931343,7.955532744,9.465558487,10.94909209,12.40670464,11.97331524,10.44247437,6.411587715,16.46249962,17.96475029,19.42159843,20.82823372,21.30759621,21.63465118,16.21658516,25.28346443,25.1560154,25.38517952,25.99620819,26.81712914,26.45165634,28.63506126,30.96487236,28.75203323,27.12532806,26.38289833
Central African Republic,CAF,"Access to electricity, rural (% of rural population)",EG.ELC.ACCS.RU.ZS,,,,,,,,,,,,0.834010661,0.969780445,1.091643095,1.199050069,1.285908103,,1.402481914,4.737354279,1.484089375,,,,0.625170887,0.984929383,1.436950803,1.961496115,2.38064003,2.528975964,1.531567454,2.252866745
Canada,CAN,"Access to electricity, rural (% of rural population)",EG.ELC.ACCS.RU.ZS,100,100,100,100,100,100,100,100,100,100,100,100,100,100,100,100,100,100,100,100,100,100,100,100,100,100,100,100,100,100,100
Central Europe and the Baltics,CEB,"Access to electricity, rural (% of rural population)",EG.ELC.ACCS.RU.ZS,100,100,100,100,100,100,100,100,100,100,100,100,100,100,100,100,100,100,100,100,100,100,100,100,100,100,100,100,100,100,100
Switzerland,CHE,"Access to electricity, rural (% of rural population)",EG.ELC.ACCS.RU.ZS,100,100,100,100,100,100,100,100,100,100,100,100,100,100,100,100,100,100,100,100,100,100,100,100,100,100,100,100,100,100,100
Channel Islands,CHI,"Access to electricity, rural (% of rural population)",EG.ELC.ACCS.RU.ZS,100,100,100,100,100,100,100,100,100,100,100,100,100,100,100,100,100,100,100,100,100,100,100,100,100,100,100,100,100,100,100
Chile,CHL,"Access to electricity, rural (% of rural population)",EG.ELC.ACCS.RU.ZS,59.4583103,72.65291879,71.43974434,74.06184414,74.70537471,75.41955503,74.17947298,77.1353798,82.96245563,79.35768628,86.54576874,81.98841858,83.13850403,92.76950836,85.69866943,86.81345367,96.41898346,88.67390442,89.51880646,97.7480011,98.25826263,97.76864624,100,100,100,100,100,100,100,100,100
China,CHN,"Access to electricity, rural (% of rural population)",EG.ELC.ACCS.RU.ZS,,,,,,,,,,,95.35548401,95.78682709,96.1137085,96.44287872,96.77371216,97.10500336,97.4377594,97.77693176,98.13040924,98.52694702,99.40914917,99.69618225,99.92107391,99.99243164,100,100,100,100,100,100,100
Cote d'Ivoire,CIV,"Access to electricity, rural (% of rural population)",EG.ELC.ACCS.RU.ZS,,,,,13.58574371,19.27596375,20.16007881,21.05255769,21.95400683,20.05882238,23.74615479,24.58332253,26.81161118,26.22465897,27.02555847,36.18636703,34.08423233,29.34969521,35.56399536,30.89202881,31.69058037,26.28063202,25.77847672,34.3230629,34.28089142,39.22568893,36.73153687,38.27824402,40.26659012,41.79225922,43.1361084
Cameroon,CMR,"Access to electricity, rural (% of rural population)",EG.ELC.ACCS.RU.ZS,,6.110515351,6.919808837,7.620565808,8.315136457,9.006853224,9.695980418,10.38747337,10.17946935,11.7755709,9.221458435,13.86188793,13.76755142,14.36843967,19.47418404,15.49829674,25.80885506,6.426581383,17.02205276,17.51643372,15.91278744,16.84192085,17.91220856,19.19569778,18.80194664,21.09845924,21.83436012,22.5990963,26.27653313,24.17687798,24.97561264
"Congo, Dem. Rep.",COD,"Access to electricity, rural (% of rural population)",EG.ELC.ACCS.RU.ZS,,,,,,,,,,,,,,,,,,1.820218205,,,,,,,,1,1,1,1,1,1
"Congo, Rep.",COG,"Access to electricity, rural (% of rural population)",EG.ELC.ACCS.RU.ZS,,,,,,,,,,,5.073888779,5.633776665,6.168187141,6.673789501,7.144731045,7.223665237,7.959977627,8.309947968,8.636836052,9.245166779,10.25961971,10.29454422,10.61779594,10.66073895,11.16415119,11.81266499,12.45199585,12.90127659,13.02866936,13.91883659,14.75402164
Colombia,COL,"Access to electricity, rural (% of rural population)",EG.ELC.ACCS.RU.ZS,71.68682124,75.84719895,76.25021082,76.67367224,77.12237008,70.85432326,78.12246899,78.69120501,79.31536641,80.00036048,83.27282715,94.28961182,82.16966248,82.81381226,83.43251038,88.87290955,84.54111481,85.04194641,86.96315765,83.76883698,86.2368927,85.50323486,87.07796478,90.07376862,89.89215088,91.79024506,92.76199341,92.74034119,92.61667633,98.70829773,100
Comoros,COM,"Access to electricity, rural (% of rural population)",EG.ELC.ACCS.RU.ZS,,,,,,,19.88053977,22.43043937,25.00822043,27.58584298,30.10852242,32.66405487,33.21569443,37.74304581,40.26726151,42.77551651,45.26982117,47.75577164,50.2401619,52.72899246,63.96058655,63.39151001,63.11798477,62.85503769,65.45066071,68.06796265,70.70285034,73.35142517,76.00947571,78.67218018,81.33640289
Cabo Verde,CPV,"Access to electricity, rural (% of rural population)",EG.ELC.ACCS.RU.ZS,,,,,,,,,,,31.52542877,33.70980072,30.72216034,38.22245407,40.54983521,42.45780182,45.34531021,47.82583618,50.38115311,53.0355072,65.68374634,67.89832306,69.60108948,71.52090454,73.72712708,76.14045715,78.62112427,80.99023438,84.96973419,87.28790283,93.51370239
Costa Rica,CRI,"Access to electricity, rural (% of rural population)",EG.ELC.ACCS.RU.ZS,,,,,,,,,,,92.81552887,95.7712326,96.32259369,96.66844177,97.34148407,97.44307709,97.56266785,97.72034454,97.76741791,98.16230774,97.0904007,97.26605988,98.14076233,98.43602753,98.26869965,97.68201447,98.45259094,98.86716461,98.9319458,98.86599731,99.73197937
Caribbean small states,CSS,"Access to electricity, rural (% of rural population)",EG.ELC.ACCS.RU.ZS,,,,71.71949542,72.25543931,73.13384082,77.09492895,74.90178444,75.7967822,80.28119439,79.14048536,83.77944356,83.35243335,83.69531758,84.42734858,85.61438674,86.14942403,87.33014962,87.40730117,87.91215206,89.83091143,89.32034292,90.96817657,92.15671329,91.8167033,92.94818315,94.23479755,95.22631135,95.87331479,96.85605662,98.05864662
Cuba,CUB,"Access to electricity, rural (% of rural population)",EG.ELC.ACCS.RU.ZS,,,,,,,,,,,87.84292603,85.24677277,82.27108002,86.51040649,87.14031982,87.71147919,88.21702576,88.67862701,89.12539673,89.58753204,90.0947113,90.6778717,91.38882446,92.23522186,93.21615601,94.30554962,95.46939087,96.67736816,97.91494751,99.46315002,100
Curacao,CUW,"Access to electricity, rural (% of rural population)",EG.ELC.ACCS.RU.ZS,100,100,100,100,100,100,100,100,100,100,100,100,100,100,100,100,100,100,100,100,100,100,100,100,100,100,100,100,100,100,100
Cayman Islands,CYM,"Access to electricity, rural (% of rural population)",EG.ELC.ACCS.RU.ZS,,,,100,100,100,100,100,100,100,100,100,100,100,100,100,100,100,100,100,100,100,100,100,100,100,100,100,100,100,100
Cyprus,CYP,"Access to electricity, rural (% of rural population)",EG.ELC.ACCS.RU.ZS,100,100,100,100,100,100,100,100,100,100,100,100,100,100,100,100,100,100,100,100,100,100,100,100,100,100,100,100,100,100,100
Czechia,CZE,"Access to electricity, rural (% of rural population)",EG.ELC.ACCS.RU.ZS,100,100,100,100,100,100,100,100,100,100,100,100,100,100,100,100,100,100,100,100,100,100,100,100,100,100,100,100,100,100,100
Germany,DEU,"Access to electricity, rural (% of rural population)",EG.ELC.ACCS.RU.ZS,100,100,100,100,100,100,100,100,100,100,100,100,100,100,100,100,100,100,100,100,100,100,100,100,100,100,100,100,100,100,100
Djibouti,DJI,"Access to electricity, rural (% of rural population)",EG.ELC.ACCS.RU.ZS,,,,,,,89.26817361,62.70422686,60.42890183,58.18762778,56.07738113,53.73178482,26.09912109,48.90735626,46.4023819,43.81864548,32.6496582,38.41553879,35.64962769,32.88243103,30.12925529,27.41627121,22.0668869,22.21415138,20.81290436,22.22950745,24.27287102,,25.36614799,25.16541862,24.79414177
Dominica,DMA,"Access to electricity, rural (% of rural population)",EG.ELC.ACCS.RU.ZS,,,,,,,,,,,,,,,,,,,,,,,,,,,,,,,
Denmark,DNK,"Access to electricity, rural (% of rural population)",EG.ELC.ACCS.RU.ZS,100,100,100,100,100,100,100,100,100,100,100,100,100,100,100,100,100,100,100,100,100,100,100,100,100,100,100,100,100,100,100
Dominican Republic,DOM,"Access to electricity, rural (% of rural population)",EG.ELC.ACCS.RU.ZS,,55.37917519,66.32198135,67.59218292,68.60342793,69.56746695,70.57480812,71.63468103,72.75155743,78.67832724,76.1583786,77.82800293,77.76927185,78.47057343,80.20529938,79.72760773,80.73908234,90.49895477,92.61719513,92.90400696,93.58837128,92.48682404,92.27649689,93.44198608,93.63989258,93.91661072,95.03713226,100,95.90138245,96.29821777,100
Algeria,DZA,"Access to electricity, rural (% of rural population)",EG.ELC.ACCS.RU.ZS,,,,,,,,,,,98.26815796,98.28793335,98.29262543,98.27619934,98.23142242,98.14997864,98.02616119,97.87013245,97.93528748,97.52659607,97.37731171,97.27204895,97.67372894,97.2889328,97.43061066,97.65237427,98.12684631,99.07200623,99.07130432,98.68105316,99.57990265
East Asia & Pacific (excluding high income),EAP,"Access to electricity, rural (% of rural population)",EG.ELC.ACCS.RU.ZS,,,,,,,,,,,87.84393399,88.2132221,88.81773233,88.74909857,90.27014904,89.33695417,91.02530469,90.84247554,91.44541826,91.7215456,92.21626274,93.28816745,93.69397788,93.95423032,94.07124539,94.69289005,94.73136132,96.14585774,96.05400614,96.38698028,96.1905358
Early-demographic dividend,EAR,"Access to electricity, rural (% of rural population)",EG.ELC.ACCS.RU.ZS,,,,42.04176905,38.31632108,40.50764151,42.64005351,45.46591382,47.95968586,51.55871496,50.96807038,50.97569151,56.04236496,54.88846266,55.91729147,57.10617446,58.93910744,60.93008288,63.10663699,64.432067,65.72068936,60.11554917,69.37195454,71.17122218,72.18268404,76.54281214,78.63507898,82.02860511,85.5766784,86.7735606,88.69068617
East Asia & Pacific,EAS,"Access to electricity, rural (% of rural population)",EG.ELC.ACCS.RU.ZS,,,,,,,,,,,88.26192004,88.6036528,89.17132403,89.08912108,90.55108771,89.63131429,91.26431552,91.07901409,91.6600995,91.92183993,92.39974631,93.44674927,93.84463794,94.10035197,94.21640144,94.82458887,94.86393905,96.24413204,96.15602145,96.4816702,96.29160952
Europe & Central Asia (excluding high income),ECA,"Access to electricity, rural (% of rural population)",EG.ELC.ACCS.RU.ZS,,,,,,,99.7689045,99.74126949,99.75693488,99.2894917,99.71874928,99.75687909,99.8435168,99.85893368,99.80531606,99.81369121,99.76933628,99.83061227,99.84259158,99.87624775,99.87780487,99.82496224,99.9293043,99.898145,99.93188056,99.85514365,99.95174819,99.9623238,99.96481947,99.98763768,100
Europe & Central Asia,ECS,"Access to electricity, rural (% of rural population)",EG.ELC.ACCS.RU.ZS,100,100,100,100,100,99.99655677,99.90801065,99.89504088,99.90142697,99.70412412,99.86335057,99.88181831,99.92387928,99.93137823,99.905302,99.90937351,99.88776365,99.91752665,99.92325516,99.93954395,99.94011986,99.91382127,99.96508032,99.94953074,99.96613815,99.92773709,99.97584909,99.98108444,99.98229358,99.99375935,100
Ecuador,ECU,"Access to electricity, rural (% of rural population)",EG.ELC.ACCS.RU.ZS,,,,,,78.78121028,82.26858088,82.90320288,82.67790173,83.82292033,85.453125,86.05292511,86.70935059,88.12867737,88.0528183,89.64994049,91.09749603,92.18968201,93.27339172,92.28255463,93.67670441,91.94873047,93.05280304,95.44513702,97.50285339,97.0184021,96.78349304,97.797966,96.93596649,97.75747681,97.39957428
"Egypt, Arab Rep.",EGY,"Access to electricity, rural (% of rural population)",EG.ELC.ACCS.RU.ZS,,,89.59532287,92.62362062,93.02430013,92.87962094,93.83281978,94.23316497,94.63453492,95.04329437,96.35330963,95.86430359,96.21400452,98.12284851,96.47687531,99.09791565,98.8172226,97.76171112,99.72438049,98.34965515,99.18349457,99.23875427,99.82583618,99.82610321,99.72505188,99.44956207,100,100,100,100,100
Euro area,EMU,"Access to electricity, rural (% of rural population)",EG.ELC.ACCS.RU.ZS,100,100,100,100,100,100,100,100,100,100,100,100,100,100,100,100,100,100,100,100,100,100,100,100,100,100,100,100,100,100,100
Eritrea,ERI,"Access to electricity, rural (% of rural population)",EG.ELC.ACCS.RU.ZS,,,,,,6.134915335,7.985672089,8.763993627,9.544889088,10.33211872,11.15677261,11.93410301,13.96753407,13.48238277,14.25618744,15.03237152,15.81031704,16.59817696,17.40040398,18.60262871,19.84139633,21.1244278,23.05152512,24.94751358,26.89279556,28.87719727,30.89306068,32.93311691,34.98842239,36.98405075,39.02468491
Spain,ESP,"Access to electricity, rural (% of rural population)",EG.ELC.ACCS.RU.ZS,100,100,100,100,100,100,100,100,100,100,100,100,100,100,100,100,100,100,100,100,100,100,100,100,100,100,100,100,100,100,100
Estonia,EST,"Access to electricity, rural (% of rural population)",EG.ELC.ACCS.RU.ZS,100,100,100,100,100,100,100,100,100,100,100,100,100,100,100,100,100,100,100,100,100,100,100,100,100,100,100,100,100,100,100
Ethiopia,ETH,"Access to electricity, rural (% of rural population)",EG.ELC.ACCS.RU.ZS,,,,,,,,,,,1.72193265,,,1.428403974,3.117619753,0.646618783,6.492838383,8.170144081,9.700676918,11.24337864,12.80028725,9.590688705,15.98018551,17.62691307,12.00607586,15.49694633,32.36383438,30.97068596,32.62994766,36.05718994,39.41490936
European Union,EUU,"Access to electricity, rural (% of rural population)",EG.ELC.ACCS.RU.ZS,100,100,100,100,100,100,100,100,100,100,100,100,100,100,100,100,100,100,100,100,100,100,100,100,100,100,100,100,100,100,100
Fragile and conflict affected situations,FCS,"Access to electricity, rural (% of rural population)",EG.ELC.ACCS.RU.ZS,,,,,,,,,,,25.01322007,,,25.74513148,22.75953821,23.24910442,24.33769042,22.95113275,25.1464312,26.45240969,26.51982597,28.04007229,30.64754885,31.78834929,30.42853238,28.63294833,35.16163675,38.39705392,36.86163867,39.79176963,36.98963324
Finland,FIN,"Access to electricity, rural (% of rural population)",EG.ELC.ACCS.RU.ZS,100,100,100,100,100,100,100,100,100,100,100,100,100,100,100,100,100,100,100,100,100,100,100,100,100,100,100,100,100,100,100
Fiji,FJI,"Access to electricity, rural (% of rural population)",EG.ELC.ACCS.RU.ZS,,,,,,,47.35955845,55.72250808,57.54563629,59.39768984,61.27054214,63.12296677,67.84324646,68.4312973,68.72196198,70.59611511,72.47142029,83.11467743,75.36629486,78.12649536,81.78797913,82.94972992,84.19194031,85.3578186,88.66130829,91.02565765,93.46900177,91.54716492,98.79052734,99.38156128,100
France,FRA,"Access to electricity, rural (% of rural population)",EG.ELC.ACCS.RU.ZS,100,100,100,100,100,100,100,100,100,100,100,100,100,100,100,100,100,100,100,100,100,100,100,100,100,100,100,100,100,100,100
Faroe Islands,FRO,"Access to electricity, rural (% of rural population)",EG.ELC.ACCS.RU.ZS,100,100,100,100,100,100,100,100,100,100,100,100,100,100,100,100,100,100,100,100,100,100,100,100,100,100,100,100,100,100,100
"Micronesia, Fed. Sts.",FSM,"Access to electricity, rural (% of rural population)",EG.ELC.ACCS.RU.ZS,,,,,,,,,,,39.09986877,41.50422668,43.41996002,45.32735062,47.22734833,49.12101364,51.01218033,52.90374756,54.79947662,56.70533752,58.77507782,61.12238312,63.22857285,65.22833252,67.1635437,69.20349884,71.42024994,73.58443451,75.46004486,77.09455872,78.82523346
Gabon,GAB,"Access to electricity, rural (% of rural population)",EG.ELC.ACCS.RU.ZS,,,,,,,,,,,11.6053257,21.46926117,21.13829422,20.78045845,20.37614632,27.09567833,19.34385872,18.71918488,18.06344414,17.44039345,51.06251907,43.21263123,32.26135254,32.79255676,19.81916809,17.85455894,19.1371479,,22.78890228,25.12656784,27.76330185
United Kingdom,GBR,"Access to electricity, rural (% of rural population)",EG.ELC.ACCS.RU.ZS,100,100,100,100,100,100,100,100,100,100,100,100,100,100,100,100,100,100,100,100,100,100,100,100,100,100,100,100,100,100,100
Georgia,GEO,"Access to electricity, rural (% of rural population)",EG.ELC.ACCS.RU.ZS,,,,,,,,,,,99.69405365,99.73801422,99.78973389,100,99.93000031,97.4912262,100,100,100,100,100,100,100,100,100,100,100,100,100,100,100
Ghana,GHA,"Access to electricity, rural (% of rural population)",EG.ELC.ACCS.RU.ZS,,,,2.887373993,1.581883278,3.694492606,5.840761897,8.028754036,13.28118097,12.53398511,14.86892509,17.32825661,19.7857666,23.98505211,24.79031563,7.860023975,31.44894028,32.5354538,36.82274246,37.94099808,55.35118103,41.97545624,23.64317894,50.82963943,63.96502304,57.59625626,66.59609222,65.33245087,68.27960968,70.00862122,73.99131775
Gibraltar,GIB,"Access to electricity, rural (% of rural population)",EG.ELC.ACCS.RU.ZS,100,100,100,100,100,100,100,100,100,100,100,100,100,100,100,100,100,100,100,100,100,100,100,100,100,100,100,100,100,100,100
Guinea,GIN,"Access to electricity, rural (% of rural population)",EG.ELC.ACCS.RU.ZS,,,,,,,,,,,,,,,0.588048637,,2.300872564,3.138108015,3.970991611,4.806175709,5.649490833,6.508968353,1.190641165,8.27614212,9.241355896,10.18582058,6.742916107,8.555721283,21.40090942,17.02362061,19.30759621
"Gambia, The",GMB,"Access to electricity, rural (% of rural population)",EG.ELC.ACCS.RU.ZS,,,,2.62274542,1.865188805,3.019204228,4.161367009,5.296420959,6.423445237,7.544910643,18.81904221,9.746146202,10.83230209,1.078812242,13.09373188,4.456477165,15.34852791,16.43309593,17.50088501,18.5673027,24.01985741,24.96532059,25.87530518,30.2527256,27.56254387,28.58880806,29.96215057,20.51826286,,,31.56268501
Guinea-Bissau,GNB,"Access to electricity, rural (% of rural population)",EG.ELC.ACCS.RU.ZS,,,,,,,,,,,,,,,,,2.077230453,,,,2.115419865,3.930664063,5.906770229,7.946691036,5.82026577,8.900303841,10.56944847,12.37968063,13.34285927,14.33034611,15.16808987
Equatorial Guinea,GNQ,"Access to electricity, rural (% of rural population)",EG.ELC.ACCS.RU.ZS,,,,,,,,,,,37.5611763,35.81651688,33.94566345,31.94203758,29.78823853,27.47844315,24.98733711,22.31447029,19.45768356,16.4296608,13.96291542,10.05367565,6.361867905,5.45471096,4.620966434,3.854310274,3.159581423,2.535641909,1.9623909,1.433737516,0.932630002
Greece,GRC,"Access to electricity, rural (% of rural population)",EG.ELC.ACCS.RU.ZS,100,100,100,100,100,100,100,100,100,100,100,100,100,100,100,100,100,100,100,100,100,100,100,100,100,100,100,100,100,100,100
Grenada,GRD,"Access to electricity, rural (% of rural population)",EG.ELC.ACCS.RU.ZS,,,,,,,,,,,,,,,,,,,,,,,,,,,,,,,
Greenland,GRL,"Access to electricity, rural (% of rural population)",EG.ELC.ACCS.RU.ZS,100,100,100,100,100,100,100,100,100,100,100,100,100,100,100,100,100,100,100,100,100,100,100,100,100,100,100,100,100,100,100
Guatemala,GTM,"Access to electricity, rural (% of rural population)",EG.ELC.ACCS.RU.ZS,,,,,,39.02955289,48.34050779,50.09598001,51.8763756,54.2124598,55.00925446,57.32870102,64.14669037,63.396698,62.80742264,64.64946747,74.18377686,68.34191132,70.20993805,72.10788727,74.04486847,73.9852066,78.08470917,80.20419312,76.65595245,84.6371994,86.94113922,89.66254425,91.69805145,94.14087677,96.62060547
Guam,GUM,"Access to electricity, rural (% of rural population)",EG.ELC.ACCS.RU.ZS,99.6282362,99.44346919,99.32943538,99.38166943,99.59189378,100,100,100,100,100,100,100,100,100,100,100,100,100,100,100,100,100,100,100,100,100,100,100,100,100,100
Guyana,GUY,"Access to electricity, rural (% of rural population)",EG.ELC.ACCS.RU.ZS,,,,64.90338012,64.3142045,65.15760112,66.00070092,66.8438503,67.68704095,68.53023536,69.4178009,70.2123642,70.99520111,71.79386902,72.58628845,75.91959381,69.94085693,74.89648438,75.65937042,72.71347046,79.73895264,80.8806076,81.99227905,83.12397003,84.20783997,85.55513763,86.92716217,88.23208618,89.2988739,90.17095947,90.94596863
High income,HIC,"Access to electricity, rural (% of rural population)",EG.ELC.ACCS.RU.ZS,99.38694506,99.52036319,99.48232002,99.50638064,99.51644382,99.52942197,99.50962539,99.55344577,99.60944747,99.5869616,99.61830159,99.60801672,99.62359045,99.76998833,99.65132112,99.66562253,99.76986395,99.70537928,99.71727164,99.80114178,99.78890224,99.81399366,99.84919234,99.83941661,99.86894415,99.87942251,99.89057001,99.89628092,99.91487577,99.92798505,99.94180436
"Hong Kong SAR, China",HKG,"Access to electricity, rural (% of rural population)",EG.ELC.ACCS.RU.ZS,100,100,100,100,100,100,100,100,100,100,100,100,100,100,100,100,100,100,100,100,100,100,100,100,100,100,100,100,100,100,100
Honduras,HND,"Access to electricity, rural (% of rural population)",EG.ELC.ACCS.RU.ZS,,31.25708705,37.01250212,38.71710237,44.52286304,45.69553731,36.95100717,41.05922064,43.51034589,44.59220639,44.8305397,38.25958633,36.95126343,38.759655,40.63130951,43.25784683,46.43804932,49.64799118,54.33935165,57.63118362,61.81716156,63.39590836,66.69269562,73.40605927,76.53886414,79.01152802,82.1266861,71.84864044,81.88526917,80.31062317,83.68605804
Heavily indebted poor countries (HIPC),HPC,"Access to electricity, rural (% of rural population)",EG.ELC.ACCS.RU.ZS,,,,,,,,,,,,,,7.575203963,7.492914194,7.274587629,9.962420085,9.708840082,11.22024835,13.95496353,14.98841553,13.84327202,17.25886239,17.77937389,19.76631443,17.81264575,25.80205165,26.19573833,28.57952577,29.64277537,29.83618869
Croatia,HRV,"Access to electricity, rural (% of rural population)",EG.ELC.ACCS.RU.ZS,100,100,100,100,100,100,100,100,100,100,100,100,100,100,100,100,100,100,100,100,100,100,100,100,100,100,100,100,100,100,100
Haiti,HTI,"Access to electricity, rural (% of rural population)",EG.ELC.ACCS.RU.ZS,,,,,,9.447627816,10.71795248,10.93900374,11.16047125,11.38166299,7.055272579,13.18568707,9.963364601,18.73468208,8.65642643,8.371182442,6.83885622,7.696460724,7.318070889,6.929345131,6.534603119,5.667969704,3.918405056,3.007145882,2.262870312,2.540935993,,3.062305212,2.972567558,2.649715185,2.200197458
Hungary,HUN,"Access to electricity, rural (% of rural population)",EG.ELC.ACCS.RU.ZS,100,100,100,100,100,100,100,100,100,100,100,100,100,100,100,100,100,100,100,100,100,100,100,100,100,100,100,100,100,100,100
IBRD only,IBD,"Access to electricity, rural (% of rural population)",EG.ELC.ACCS.RU.ZS,,,,,,,,,,,74.68795078,73.73385449,76.85099797,77.44252346,78.15683147,79.13350271,79.9345029,81.50779893,82.41128026,83.62733954,85.10716712,80.48676202,87.11522264,88.31386882,89.35036109,91.35918441,92.43062484,94.28358436,96.04409317,97.48872493,98.45787093
IDA & IBRD total,IBT,"Access to electricity, rural (% of rural population)",EG.ELC.ACCS.RU.ZS,,,,,,,,,,,63.53834091,63.57891007,66.21086512,64.95136508,64.54414434,65.53254807,66.50045574,66.28121515,67.91960639,69.86122369,70.03811158,66.99120774,72.30654662,72.869104,72.99991288,74.14202113,76.58960911,80.12587142,82.05913602,83.15010721,81.49399275
IDA total,IDA,"Access to electricity, rural (% of rural population)",EG.ELC.ACCS.RU.ZS,,,,,,,,,,26.69152124,24.52424042,26.93788261,28.24759607,26.77693617,25.18396309,26.25243974,28.84353884,26.98001642,29.57137818,32.02567828,30.58786498,32.72055068,35.11792411,35.48806437,34.91480974,35.78297173,41.32512084,45.55609429,47.57293836,48.255286,47.3213246
IDA blend,IDB,"Access to electricity, rural (% of rural population)",EG.ELC.ACCS.RU.ZS,,,,,,,,,39.27983088,40.7951601,39.33025902,39.08237904,39.34634022,42.47281455,40.10875382,40.24026072,40.55169111,40.89829342,41.51978502,39.97641088,39.1101535,43.77282027,43.26277946,44.56449202,42.47982781,42.69688568,47.19135391,53.06204734,56.13397573,59.12321136,49.92325264
Indonesia,IDN,"Access to electricity, rural (% of rural population)",EG.ELC.ACCS.RU.ZS,,31.01029741,53.90808611,36.05524112,45.72729955,51.51949619,59.35388934,69.5752021,71.75224,75.81067872,79.63506317,79.18019104,81.15171814,79.84106445,82.90762329,75.14001465,85.04682159,84.66716766,88.17434692,88.38217163,89.35652161,90.2011261,92.63239288,92.99420166,93.97624969,94.91776276,95.06200409,96.03035736,96.8134079,97.52716827,93.48823547
IDA only,IDX,"Access to electricity, rural (% of rural population)",EG.ELC.ACCS.RU.ZS,,,,,,,,,,,15.72849414,18.85691317,20.77647627,18.29940479,17.56825173,18.92880093,22.82042707,20.42951483,23.60246897,27.66270616,26.10966144,27.01173398,30.87039422,30.90469124,31.22418705,32.57626496,38.52883894,43.05893918,44.635546,44.47098329,46.13712324
Isle of Man,IMN,"Access to electricity, rural (% of rural population)",EG.ELC.ACCS.RU.ZS,100,100,100,100,100,100,100,100,100,100,100,100,100,100,100,100,100,100,100,100,100,100,100,100,100,100,100,100,100,100,100
India,IND,"Access to electricity, rural (% of rural population)",EG.ELC.ACCS.RU.ZS,,,,39.58033844,37.11600572,38.92818073,40.74674064,42.57280058,44.40686797,48.29339736,47.23532486,43.48357773,51.47449875,53.53260803,53.63614655,57.7223053,57.32030106,61.93989944,64.07118225,65.70223236,68.37382507,56.08607864,72.40400696,75.21986389,77.58193207,83.36793518,84.76395416,88.76407623,93.9461441,96.0302124,98.46328735
Not classified,INX,"Access to electricity, rural (% of rural population)",EG.ELC.ACCS.RU.ZS,,,,,,,,,,,,,,,,,,,,,,,,,,,,,,,
Ireland,IRL,"Access to electricity, rural (% of rural population)",EG.ELC.ACCS.RU.ZS,100,100,100,100,100,100,100,100,100,100,100,100,100,100,100,100,100,100,100,100,100,100,100,100,100,100,100,100,100,100,100
"Iran, Islamic Rep.",IRN,"Access to electricity, rural (% of rural population)",EG.ELC.ACCS.RU.ZS,,,,,,,,,,,94.15985107,94.84570313,95.14739227,95.44239044,95.71887207,95.96755981,94.96237183,96.38098907,96.57936859,99.03188324,98.45371246,98.60444641,98.76399231,99.43858337,100,99.84986115,99.83686066,99.76567841,100,100,100
Iraq,IRQ,"Access to electricity, rural (% of rural population)",EG.ELC.ACCS.RU.ZS,,,,,,,,,,,91.58739471,92.06867218,92.53040314,92.96477509,93.36389923,93.71974945,93.38146973,95.16597748,94.5773468,94.85871887,95.16310883,93.49212646,98.41415405,96.49727631,97.12730408,97.8588562,98.68229675,99.56958008,99.90000153,99.97273254,100
Iceland,ISL,"Access to electricity, rural (% of rural population)",EG.ELC.ACCS.RU.ZS,100,100,100,100,100,100,100,100,100,100,100,100,100,100,100,100,100,100,100,100,100,100,100,100,100,100,100,100,100,100,100
Israel,ISR,"Access to electricity, rural (% of rural population)",EG.ELC.ACCS.RU.ZS,100,100,100,100,100,100,100,100,100,100,100,100,100,100,100,100,100,100,100,100,100,100,100,100,100,100,100,100,100,100,100
Italy,ITA,"Access to electricity, rural (% of rural population)",EG.ELC.ACCS.RU.ZS,100,100,100,100,100,100,100,100,100,100,100,100,100,100,100,100,100,100,100,100,100,100,100,100,100,100,100,100,100,100,100
Jamaica,JAM,"Access to electricity, rural (% of rural population)",EG.ELC.ACCS.RU.ZS,58.81785656,68.46066181,69.40071578,70.34601398,71.2988875,72.26066888,78.82374291,74.22080001,75.22377293,80.35314188,77.30646515,82.26560211,80.16178131,80.23155975,81.18388367,82.11741638,83.03066254,83.93326569,83.41559601,85.75367737,88.01739502,84.48249054,88.11830139,90.68543243,89.15355682,91.13658142,93.3680191,94.88386536,96.62740326,98.56327057,100
Jordan,JOR,"Access to electricity, rural (% of rural population)",EG.ELC.ACCS.RU.ZS,90.11886684,93.48916512,93.47620808,93.47176086,93.48502795,93.6847272,94.04425883,95.66548904,94.89645771,95.39917324,96.33466339,96.67051697,98.77851105,97.23889923,97.90441895,97.46433258,100,97.86550903,100,98.27303314,100,98.24412537,99.5,97.57793427,97.59455872,98.97170258,99.56629944,100,98.89147949,100,98.8347702
Japan,JPN,"Access to electricity, rural (% of rural population)",EG.ELC.ACCS.RU.ZS,100,100,100,100,100,100,100,100,100,100,100,100,100,100,100,100,100,100,100,100,100,100,100,100,100,100,100,100,100,100,100
Kazakhstan,KAZ,"Access to electricity, rural (% of rural population)",EG.ELC.ACCS.RU.ZS,,,,,,99.89115871,98.23601878,98.39461949,98.56609285,93.94312157,98.99765015,99.47057343,99.66860962,99.81686401,99.90827942,100,99.68573761,100,100,100,100,99.5713501,100,100,100,100,100,100,100,100,100
Kenya,KEN,"Access to electricity, rural (% of rural population)",EG.ELC.ACCS.RU.ZS,,,,4.129531249,,,,1.10441838,6.647292251,4.72589861,6.511404037,8.271901131,10.020854,6.937337399,13.48801994,15.20899582,16.92241096,18.63225174,20.34333038,10.14352512,7.172247887,25.5358448,27.30020332,29.08792877,25.07232857,29.00258636,42.07792664,45.88040543,51.61517715,61.69374084,62.67134094
Kyrgyz Republic,KGZ,"Access to electricity, rural (% of rural population)",EG.ELC.ACCS.RU.ZS,,,,,,,,99.68854626,99.43491898,99.47797706,99.58572388,99.57836914,100,99.5304718,99.48964691,99.25952148,99.097229,99.51273346,99.58087921,99.5109024,98.92359924,97.78409576,99.80000305,98.91898346,99.74463654,98.70671082,99.81100464,100,100,99.96669769,100
Cambodia,KHM,"Access to electricity, rural (% of rural population)",EG.ELC.ACCS.RU.ZS,,,,,,,,,10.28216297,,6.555241585,2.975697279,6.824570656,7.656021118,14.51607895,9.516452789,22.20695305,26.05882072,11.6540451,33.63572311,15.77243519,39.03585815,43.17752838,47.41254807,44.72675323,56.12107849,61.70982742,86.08934021,75.4940567,79.96975708,82.91397858
Kiribati,KIR,"Access to electricity, rural (% of rural population)",EG.ELC.ACCS.RU.ZS,,,,,,,,,,,26.0817318,28.95483589,32.41083908,35.85488129,39.2862854,51.20897293,50.78548813,48.55202484,51.45832062,42.96850967,39.40710068,60.90193558,64.34775543,68.58805084,77.62754059,92.95679474,96.9907608,82.86435699,87.06604767,91.61837006,96.43689728
St. Kitts and Nevis,KNA,"Access to electricity, rural (% of rural population)",EG.ELC.ACCS.RU.ZS,87.15712601,87.6959615,88.24237221,88.78648008,89.32886722,89.87036815,90.4113388,90.95206454,91.49323378,92.03433069,93.23101044,90.66310883,94.06149292,94.45645905,94.83930206,95.21051788,95.57160187,95.92832184,96.28730774,96.65524292,99.90371704,100,100,100,100,100,100,100,100,100,100
"Korea, Rep.",KOR,"Access to electricity, rural (% of rural population)",EG.ELC.ACCS.RU.ZS,99.84822917,99.81723547,99.82202528,99.87972665,99.95174953,100,100,100,100,100,100,100,100,100,100,100,100,100,100,100,100,100,100,100,100,100,100,100,100,100,100
Kuwait,KWT,"Access to electricity, rural (% of rural population)",EG.ELC.ACCS.RU.ZS,100,100,100,100,100,100,100,100,100,100,100,100,100,100,100,100,100,100,100,100,100,100,100,100,100,100,100,100,100,100,100
Latin America & Caribbean (excluding high income),LAC,"Access to electricity, rural (% of rural population)",EG.ELC.ACCS.RU.ZS,,,63.30564067,64.18019875,66.48643762,62.46514255,65.31045976,66.08719757,67.65395601,69.14535698,70.21734999,73.17694932,73.62932436,74.68311659,75.15819779,76.27577412,78.23542059,78.90667904,81.25852463,81.61891698,83.10869148,84.25655795,85.53110268,86.54565179,87.13708334,88.44573176,93.0910927,90.04321406,90.13346628,91.21275068,93.18974427
Lao PDR,LAO,"Access to electricity, rural (% of rural population)",EG.ELC.ACCS.RU.ZS,,,,17.96754399,11.46411514,10.16615151,16.88174076,19.47071219,22.08340096,24.72390196,27.4061451,30.08078575,30.50942039,31.55671501,38.32268524,44.13232422,42.79652405,38.18781662,52.59106445,54.97565079,58.53994751,57.91859818,66.78569794,71.10146332,76.02278137,85.6909256,86.42371368,90.51048279,96.88967896,98.78498077,100
Lebanon,LBN,"Access to electricity, rural (% of rural population)",EG.ELC.ACCS.RU.ZS,,,,,,,,,,,100,100,100,100,100,99.30227661,98.76174164,86.48218536,99.22827911,95.36907196,96.44720459,99.19959259,96.0287323,95.86825562,95.7049942,96.49550629,97.66170502,98.96144867,97.37003326,99.77645111,100
Liberia,LBR,"Access to electricity, rural (% of rural population)",EG.ELC.ACCS.RU.ZS,,,,,,,,,,,,,,,,,,,,,0.993523002,1.216251969,2.605492353,3.462627888,4.128696918,5.074527264,4.062144756,7.439124584,7.805598259,8.272083282,8.358771324
Libya,LBY,"Access to electricity, rural (% of rural population)",EG.ELC.ACCS.RU.ZS,,,,,,,,,,,99.15300751,88.11077881,80.54479218,72.90126801,65.18448639,57.37473297,49.44306946,41.38130951,33.18641663,24.8583889,16.3943119,7.791062832,,,,,,,,,
St. Lucia,LCA,"Access to electricity, rural (% of rural population)",EG.ELC.ACCS.RU.ZS,,,,,,,,,,,87.02092743,87.62721252,88.59559631,89.37291718,90.11416626,90.82305145,91.50468445,92.1661911,92.81478119,93.45689392,94.06342316,94.74482727,95.62075043,96.11380768,96.77333069,97.42027283,98.0343399,98.68276215,99.32089996,100,100
Latin America & Caribbean,LCN,"Access to electricity, rural (% of rural population)",EG.ELC.ACCS.RU.ZS,,,64.22613773,65.20778431,67.37429924,63.58796021,66.11477784,66.97467839,68.56485037,69.97456914,71.07697983,74.01238885,74.50042408,74.99936735,75.92505717,76.96802778,79.10599307,79.53141583,81.76035892,82.26137044,83.65029304,84.71427233,86.05212062,86.99405539,87.78354772,89.02905822,93.23174703,90.35759063,90.64963066,91.6905434,93.55970257
Least developed countries: UN classification,LDC,"Access to electricity, rural (% of rural population)",EG.ELC.ACCS.RU.ZS,,,,,,,,,,,11.35583869,14.48974189,,14.43957222,13.85526249,15.43759262,18.82317019,17.17916538,19.9423678,24.37796535,22.2477613,23.79919704,28.43705548,27.74797954,27.92036974,29.23260997,35.86561337,40.84485684,41.81261386,42.04554675,43.96080037
Low income,LIC,"Access to electricity, rural (% of rural population)",EG.ELC.ACCS.RU.ZS,,,,,,,,,,,,,,4.659248629,4.633695216,4.726116683,6.578402051,7.437764534,8.660135185,11.22635872,12.49635658,11.96852908,17.05897643,16.30066219,17.14317237,15.19578485,23.83352421,24.55702365,26.97754432,28.02692461,28.3083676
Liechtenstein,LIE,"Access to electricity, rural (% of rural population)",EG.ELC.ACCS.RU.ZS,100,100,100,100,100,100,100,100,100,100,100,100,100,100,100,100,100,100,100,100,100,100,100,100,100,100,100,100,100,100,100
Sri Lanka,LKA,"Access to electricity, rural (% of rural population)",EG.ELC.ACCS.RU.ZS,,,,,,,,,,,66.13384247,58.71826553,78.31791687,71.49154663,73.26207733,75.02739716,79.28594208,76.57936859,80.31835175,85.18900299,83.00431061,85.74048615,84.61772919,88.46478271,91.2687149,93.16890717,97.16376495,96.94181824,99.46625519,99.70345306,100
Lower middle income,LMC,"Access to electricity, rural (% of rural population)",EG.ELC.ACCS.RU.ZS,,,,38.64451275,35.99430198,37.84188372,39.47208864,43.29894376,45.55993795,48.81430814,48.80897086,47.32136639,51.93343932,53.54427908,54.0002189,55.58585847,57.33073734,59.11896586,60.96452567,63.46558682,63.5863598,59.14743163,67.52293855,69.20554358,70.38883098,74.08305778,76.50671128,82.15401024,85.27619764,87.25661989,85.66904375
Low & middle income,LMY,"Access to electricity, rural (% of rural population)",EG.ELC.ACCS.RU.ZS,,,,,,,,,,,63.17531026,63.20785357,65.86528397,64.63049661,64.20449058,65.20385608,66.17180325,65.96514646,67.61976623,69.42825353,69.628771,66.57787833,71.93249809,72.51651467,72.65128736,73.81963062,76.29610551,79.8591731,81.81348049,82.92074633,81.27875918
Lesotho,LSO,"Access to electricity, rural (% of rural population)",EG.ELC.ACCS.RU.ZS,,,,,,,,,,,1.988833308,,,,1.426981926,3.744669199,2.66065383,6.952122211,8.542773247,8.592907906,4.399670124,10.59971905,7.189227104,14.66343594,15.64839935,19.62520981,23.31979179,20.21677589,,32.45329285,34.93008804
Late-demographic dividend,LTE,"Access to electricity, rural (% of rural population)",EG.ELC.ACCS.RU.ZS,,,,,,,,,,,92.2968388,93.49329364,94.04712453,94.37995112,94.72662904,95.52367926,96.69538645,96.00479999,96.52696204,96.722682,97.66720941,98.16587758,98.3237254,98.6437977,98.68283996,98.98428364,99.07950736,99.28618599,99.30705938,99.39511806,99.60274452
Lithuania,LTU,"Access to electricity, rural (% of rural population)",EG.ELC.ACCS.RU.ZS,100,100,100,100,100,100,100,100,100,100,100,100,100,100,100,100,100,100,100,100,100,100,100,100,100,100,100,100,100,100,100
Luxembourg,LUX,"Access to electricity, rural (% of rural population)",EG.ELC.ACCS.RU.ZS,100,100,100,100,100,100,100,100,100,100,100,100,100,100,100,100,100,100,100,100,100,100,100,100,100,100,100,100,100,100,100
Latvia,LVA,"Access to electricity, rural (% of rural population)",EG.ELC.ACCS.RU.ZS,100,100,100,100,100,100,100,100,100,100,100,100,100,100,100,100,100,100,100,100,100,100,100,100,100,100,100,100,100,100,100
"Macao SAR, China",MAC,"Access to electricity, rural (% of rural population)",EG.ELC.ACCS.RU.ZS,,,,,100,100,100,100,100,100,100,100,100,100,100,100,100,100,100,100,100,100,100,100,100,100,100,100,100,100,100
St. Martin (French part),MAF,"Access to electricity, rural (% of rural population)",EG.ELC.ACCS.RU.ZS,,,,,,,,,,,,,,,,,,,,,100,100,100,100,100,100,100,100,100,100,100
Morocco,MAR,"Access to electricity, rural (% of rural population)",EG.ELC.ACCS.RU.ZS,,,13.92083214,22.64568907,24.93650871,20.01127607,30.6417157,33.60749116,36.62114017,39.68300828,36.52217865,45.90247726,49.0134201,52.14686203,58.44160843,58.30217361,93.02327728,64.3694458,67.49723053,70.70931244,86.76612854,87.85744476,88.95102692,94.9779129,86.14202881,94.48661804,95.41801453,100,96.10400391,98.9278183,100
Monaco,MCO,"Access to electricity, rural (% of rural population)",EG.ELC.ACCS.RU.ZS,100,100,100,100,100,100,100,100,100,100,100,100,100,100,100,100,100,100,100,100,100,100,100,100,100,100,100,100,100,100,100
Moldova,MDA,"Access to electricity, rural (% of rural population)",EG.ELC.ACCS.RU.ZS,100,100,100,100,100,100,100,100,100,100,100,100,100,100,100,100,100,100,100,100,100,100,100,100,100,100,100,100,100,100,100
Madagascar,MDG,"Access to electricity, rural (% of rural population)",EG.ELC.ACCS.RU.ZS,,,,,,,,1.183102516,,,,4.507063389,,7.739965439,0.945336401,1.009644628,1.044042706,1.05286622,1.039383292,,,,,,0.868311644,0.855837643,,,,,10.89848518
Maldives,MDV,"Access to electricity, rural (% of rural population)",EG.ELC.ACCS.RU.ZS,,,,,,,,,,,77.87589264,82.71617889,83.68811035,84.67804718,85.68787384,86.72039032,87.81987,89.05164337,90.3004303,99.90000153,98.87995148,99.01026917,99.1280899,99.21844482,100,99.53269958,100,99.86495972,100,100,100
Middle East & North Africa,MEA,"Access to electricity, rural (% of rural population)",EG.ELC.ACCS.RU.ZS,,,,,,,,,,,82.81757401,83.88317453,83.54885561,85.36454251,84.95007417,86.45687337,90.31298323,86.51662307,87.52341875,87.6939401,89.2379436,89.18018004,88.78507955,93.23853886,91.04245231,92.09444019,92.70567109,95.17814457,97.48371465,93.60430773,93.82754248
Mexico,MEX,"Access to electricity, rural (% of rural population)",EG.ELC.ACCS.RU.ZS,,,79.01463247,85.81066532,84.3841666,86.70714597,87.74703139,87.84409157,87.23459211,89.1986484,93.79899597,90.66654205,92.91325378,91.69069672,96.08890533,96.76557922,97.1754837,93.22797394,96.16147614,93.8457489,97.59918213,96.91613007,97.15698242,96.7493515,97.42693329,97.85177612,98.33106995,100,98.28820801,98.23820496,97.72412872
Marshall Islands,MHL,"Access to electricity, rural (% of rural population)",EG.ELC.ACCS.RU.ZS,,,,,,,,,,25.09559321,23.16329193,26.2645607,29.45178986,32.7205658,36.06208038,39.46944427,42.9417572,22.35868645,50.15787125,53.9628067,80.42238617,82.56948853,83.03427887,84.26603699,85.66266632,87.39433289,89.27409363,91.31256104,97.01740265,100,100
Middle income,MIC,"Access to electricity, rural (% of rural population)",EG.ELC.ACCS.RU.ZS,,,,,,,,,,,66.24374599,65.48086424,68.27115595,69.14835642,69.36560482,70.27668569,71.4388117,72.40635298,73.51043548,75.31760574,75.35573862,72.3471529,77.88648552,78.89371074,79.57501422,81.94605387,83.51744657,87.53681086,89.54037321,90.91799066,89.62080797
North Macedonia,MKD,"Access to electricity, rural (% of rural population)",EG.ELC.ACCS.RU.ZS,100,100,100,100,100,100,100,100,100,100,100,100,100,100,100,100,100,100,100,100,100,100,100,100,100,100,100,100,100,100,100
Mali,MLI,"Access to electricity, rural (% of rural population)",EG.ELC.ACCS.RU.ZS,,,,,,,0.831307182,,,,,,1.786001205,2.561556339,3.272614956,3.918870449,1.544831157,5.003510475,5.446723938,5.653705597,,1.157399178,,3.219300508,4.424630165,7.278042316,8.359609604,,,15.0308876,16.48730469
Malta,MLT,"Access to electricity, rural (% of rural population)",EG.ELC.ACCS.RU.ZS,100,100,100,100,100,100,100,100,100,100,100,100,100,100,100,100,100,100,100,100,100,100,100,100,100,100,100,100,100,100,100
Myanmar,MMR,"Access to electricity, rural (% of rural population)",EG.ELC.ACCS.RU.ZS,,,,,,,,,,,26.82949066,28.03510284,33.3077507,30.42738533,31.61439705,32.79595184,33.97406006,35.15290451,36.33840942,37.53731537,32.4718399,39.96972656,41.19823456,42.51583862,37.88095093,47.60191727,39.80994034,59.91913605,54.82275009,57.58167648,60.15991592
Middle East & North Africa (excluding high income),MNA,"Access to electricity, rural (% of rural population)",EG.ELC.ACCS.RU.ZS,,,,,,,,,,,81.95586578,83.07404812,82.71986054,84.62470307,84.18899581,85.76568048,89.80690572,85.79115802,86.83172975,86.99416145,88.61805112,88.55719499,88.13635117,92.84946964,90.53094299,91.64638575,92.29523393,94.90810928,97.32368432,93.25283864,93.49565323
Montenegro,MNE,"Access to electricity, rural (% of rural population)",EG.ELC.ACCS.RU.ZS,100,100,100,100,100,100,100,100,100,100,100,100,100,100,100,100,100,100,100,100,100,100,100,100,100,100,100,100,100,100,100
Mongolia,MNG,"Access to electricity, rural (% of rural population)",EG.ELC.ACCS.RU.ZS,,,,,,,,,,,27.59946251,34.81298828,36.11151886,40.94666672,38.8910675,66.70497894,41.9251709,43.55260849,45.28227997,47.14903259,41.883564,25.17788696,55.86421204,45.76726151,63.44257736,67.36197662,71.54142761,78.58685303,94.62948608,91.87802124,94.59519196
Northern Mariana Islands,MNP,"Access to electricity, rural (% of rural population)",EG.ELC.ACCS.RU.ZS,100,100,100,99.912091,99.87870248,100,100,100,100,100,100,100,100,100,100,100,100,100,100,100,100,100,100,100,100,100,100,100,100,100,100
Mozambique,MOZ,"Access to electricity, rural (% of rural population)",EG.ELC.ACCS.RU.ZS,,,,,,,,,,,,,,0.981695294,1.177523136,1.655030012,2.112836599,1.455424309,2.285741568,2.180848837,1.217140436,3.808347225,2.270003557,2.808546305,2.666223526,0.92683059,4.795017242,4.415099144,7.99328804,5.092288017,4.468690872
Mauritania,MRT,"Access to electricity, rural (% of rural population)",EG.ELC.ACCS.RU.ZS,,,,,,,,,,,2.587254286,4.900044441,3.419983625,3.618264675,3.740189552,1.177813172,3.74029541,3.843784094,3.905941963,3.133929968,,,,,,,,,,,
Mauritius,MUS,"Access to electricity, rural (% of rural population)",EG.ELC.ACCS.RU.ZS,98.29156026,98.34708081,98.40218305,98.4558276,98.50682654,98.55399929,98.59620164,98.63223626,98.66095388,98.68406131,98.25571442,98.76854706,98.95748138,98.7538681,98.73294067,98.69664764,98.64589691,98.58802032,98.53194427,98.48638153,99.72930145,99.47260284,99.40592194,99.26426697,99.20085144,99.18751526,99.40240479,99.61000061,99.3113327,100,99.83576202
Malawi,MWI,"Access to electricity, rural (% of rural population)",EG.ELC.ACCS.RU.ZS,,,0.889517616,,,,,,,0.621764844,0.710772693,1.229733944,1.483092546,0.792392671,2.799839735,2.195032597,,2.647980213,2.877984047,3.111295223,3.914738655,2.953856707,1.821813345,3.756150007,5.321634769,3.412200212,4.871583939,3.709447145,11.41963768,4.087883949,6.611880302
Malaysia,MYS,"Access to electricity, rural (% of rural population)",EG.ELC.ACCS.RU.ZS,,,,,,,,,,,98.57909393,98.65568542,98.71905518,98.76205444,98.77610016,98.75100708,98.67922974,98.57105255,98.44341278,97.89498901,98.57242584,98.65398407,99.53931427,98.75106049,98.77177429,99.16844177,99.60254669,99.80647278,99.96762085,100,100
North America,NAC,"Access to electricity, rural (% of rural population)",EG.ELC.ACCS.RU.ZS,100,100,100,100,100,100,100,100,100,100,100,100,100,100,100,100,100,100,100,100,100,100,100,100,100,100,100,100,100,100,100
Namibia,NAM,"Access to electricity, rural (% of rural population)",EG.ELC.ACCS.RU.ZS,,,10.74214107,9.182264648,11.61554789,12.57010033,13.53214903,14.50455397,15.48755486,16.48242668,18.93174934,18.47087479,19.17340279,19.82143593,20.46287918,21.10092926,21.73329353,22.39007378,23.00873184,20.65490341,24.36051941,21.63671684,25.84625435,27.30824471,27.543396,31.28548431,31.63595581,31.61014557,33.59661484,35.00444794,36.28802872
New Caledonia,NCL,"Access to electricity, rural (% of rural population)",EG.ELC.ACCS.RU.ZS,99.81202438,99.8128937,99.82501147,99.86053329,99.9148792,100,100,100,100,100,100,100,100,100,100,100,100,100,100,100,100,100,100,100,100,100,100,100,100,100,100
Niger,NER,"Access to electricity, rural (% of rural population)",EG.ELC.ACCS.RU.ZS,,,,,,0.9504415,1.643651361,,1.015359611,1.264394305,,2.000016689,2.379897833,2.752042532,3.118376493,,1.952750683,4.20147419,4.568824768,4.945783615,3.633500338,5.47433424,5.228654385,6.672913551,7.69260025,8.14216423,9.181882858,9.848162651,11.69820213,12.81104088,13.4411478
Nigeria,NGA,"Access to electricity, rural (% of rural population)",EG.ELC.ACCS.RU.ZS,4.043913725,14.2529109,14.97004716,15.69319018,16.42312062,17.15976838,17.90320578,18.65854707,19.42514891,24.32679007,21.27296829,21.67316628,22.06422615,32.70026779,22.82047462,23.18641853,23.54319191,25.27853966,25.62129784,24.62786674,23.53672981,31.01918602,27.72878647,31.63459396,27.36849022,25.90397263,33.97045898,,,,24.57690811
Nicaragua,NIC,"Access to electricity, rural (% of rural population)",EG.ELC.ACCS.RU.ZS,,,,46.94140568,42.92044011,43.50508887,44.21159806,44.93193889,42.69514976,46.42361681,47.20875931,47.8595047,48.6113205,49.29079056,49.95052338,46.39040756,51.14583206,51.69555664,52.24295425,51.67721176,53.39016724,53.89535904,55.18566132,57.31583786,59.27267838,61.93531418,64.60741425,67.07535553,69.21110535,71.13448334,72.93690491
Netherlands,NLD,"Access to electricity, rural (% of rural population)",EG.ELC.ACCS.RU.ZS,100,100,100,100,100,100,100,100,100,100,100,100,100,100,100,100,100,100,100,100,100,100,100,100,100,100,100,100,100,100,100
Norway,NOR,"Access to electricity, rural (% of rural population)",EG.ELC.ACCS.RU.ZS,100,100,100,100,100,100,100,100,100,100,100,100,100,100,100,100,100,100,100,100,100,100,100,100,100,100,100,100,100,100,100
Nepal,NPL,"Access to electricity, rural (% of rural population)",EG.ELC.ACCS.RU.ZS,,,,,,,10.15408895,9.430679513,13.02117337,16.62798219,20.37789345,14.6972456,27.53074265,31.22074699,28.45144463,38.64234161,44.08518982,46.13613892,49.92077637,53.73745346,63.18069839,61.71845245,70.60831451,73.55233765,82.0555191,79.64431763,89.81199646,86.00415039,93.46990967,,88.78601837
Nauru,NRU,"Access to electricity, rural (% of rural population)",EG.ELC.ACCS.RU.ZS,,,,,,,,,,,,,,,,,,,,,,,,,,100,,,,100,100
New Zealand,NZL,"Access to electricity, rural (% of rural population)",EG.ELC.ACCS.RU.ZS,100,100,100,100,100,100,100,100,100,100,100,100,100,100,100,100,100,100,100,100,100,100,100,100,100,100,100,100,100,100,100
OECD members,OED,"Access to electricity, rural (% of rural population)",EG.ELC.ACCS.RU.ZS,98.50900279,98.78196982,97.07457719,97.68804553,97.57390915,97.53793862,97.87875874,97.92053462,97.92382427,98.08854527,98.75444285,98.84903411,98.61429197,98.59086571,98.93935314,99.19698199,99.14696782,98.74609424,99.08416729,98.82082041,99.25006752,99.1557646,99.25856448,99.331621,99.38917555,99.49588889,99.57953459,99.73591499,99.56996585,99.78399295,99.78646751
Oman,OMN,"Access to electricity, rural (% of rural population)",EG.ELC.ACCS.RU.ZS,100,100,100,100,100,100,100,100,100,100,100,100,100,100,100,100,100,100,100,100,100,100,100,100,100,100,100,100,100,100,100
Other small states,OSS,"Access to electricity, rural (% of rural population)",EG.ELC.ACCS.RU.ZS,,,,,,,,,,,32.22942485,39.6057519,38.48391405,39.81765423,36.13432921,37.3052305,35.4548141,40.51285829,41.65094684,41.24587668,40.51763016,43.09807741,43.98912528,45.94659939,46.64946349,48.62760648,50.78724245,52.41780647,60.69324798,57.89181749,57.26429546
Pakistan,PAK,"Access to electricity, rural (% of rural population)",EG.ELC.ACCS.RU.ZS,,,,,,,,,59.49763572,58.95963193,58.78635025,58.61860275,58.43637466,58.24063492,58.03065872,57.80670929,57.56908417,57.32328033,57.07678604,56.8366127,56.60936737,56.40234756,56.22307587,56.07834244,55.96378708,55.87406921,55.80377197,54.27254868,57.1264267,59.0182457,60.81752396
Panama,PAN,"Access to electricity, rural (% of rural population)",EG.ELC.ACCS.RU.ZS,40.52385932,46.40856894,47.06006691,47.73785722,48.44294132,49.18332886,49.96218729,50.79137706,51.67315942,52.6144852,55.42343521,55.34299469,56.89310455,71.60984802,59.98876953,61.52331161,63.04414368,64.56498718,66.10132599,67.67218018,64.70687866,70.84754181,72.64538574,71.19973755,76.64055634,78.72315216,80.89224243,82.08518982,85.45250702,87.82511902,90.24843597
Peru,PER,"Access to electricity, rural (% of rural population)",EG.ELC.ACCS.RU.ZS,,,23.63993469,2.768920563,4.943291126,7.192448621,4.6576524,11.54295831,16.58170401,18.38642073,11.08939457,16.09575081,19.45957756,18.49724388,20.89769745,24.63243294,31.05124664,38.68920135,45.41755676,50.95977402,55.63323593,61.30207443,66.16682434,69.90501404,72.76750183,76.69268799,77.97483826,80.49784851,81.79998016,82.94782257,96.82907104
Philippines,PHL,"Access to electricity, rural (% of rural population)",EG.ELC.ACCS.RU.ZS,,,,49.34670579,51.17071238,52.91431615,54.65971211,56.40831991,54.22505828,56.17713399,61.69506454,63.39808655,65.08398438,63.54471588,84.50295258,70.02443695,70.01034546,73.22177887,74.63317108,76.13589478,78.32725525,81.18940735,80.69743347,81.89969635,84.5721283,83.19497681,88.13866425,90.02317047,91.82621002,93.70012665,95.58786774
Palau,PLW,"Access to electricity, rural (% of rural population)",EG.ELC.ACCS.RU.ZS,92.18195401,92.34152117,92.50273894,92.67303382,92.85643898,93.06066513,93.38705617,93.7603727,94.16059838,94.58801035,95.98493195,96.24536896,96.47960663,96.67958069,96.7613678,96.98565674,96.78232574,96.72497559,96.64710999,96.57332611,96.53089905,96.55112457,94.87597656,96.91671753,99.15633392,97.79515839,100,100,100,100,100
Papua New Guinea,PNG,"Access to electricity, rural (% of rural population)",EG.ELC.ACCS.RU.ZS,,,,,,,2.588258412,,,,,1.755274415,4.280210972,6.797584534,9.309714317,11.81694603,5.034245968,16.82850075,19.34041214,9.344491005,11.76172733,26.93311691,29.44659805,31.99609184,34.58221054,37.65156555,44.91242218,50.45885849,51.78337097,56.13419724,56.8271637
Poland,POL,"Access to electricity, rural (% of rural population)",EG.ELC.ACCS.RU.ZS,100,100,100,100,100,100,100,100,100,100,100,100,100,100,100,100,100,100,100,100,100,100,100,100,100,100,100,100,100,100,100
Pre-demographic dividend,PRE,"Access to electricity, rural (% of rural population)",EG.ELC.ACCS.RU.ZS,,,,,,,,,,,12.92631912,13.54299492,13.71719768,15.7349321,12.89657519,14.31629798,14.68664014,14.21225712,15.55012995,17.2456814,16.31435502,19.57471998,21.48794238,21.64682842,22.66954554,19.8199294,26.74872849,26.43282655,28.57850769,30.43472679,28.65530241
Puerto Rico,PRI,"Access to electricity, rural (% of rural population)",EG.ELC.ACCS.RU.ZS,99.76521571,99.89984627,99.97949027,100,100,100,100,100,100,100,100,100,100,100,100,100,100,100,100,100,100,100,100,100,100,100,100,100,100,100,100
"Korea, Dem. People's Rep.",PRK,"Access to electricity, rural (% of rural population)",EG.ELC.ACCS.RU.ZS,,,,,,,,,,,,,,,,,,,,26,31.15771866,35.31798553,38.00649261,42.31064224,45.12058258,49.55852509,52.4707756,55.42105484,60.02822876,63.05318832,67.18471527
Portugal,PRT,"Access to electricity, rural (% of rural population)",EG.ELC.ACCS.RU.ZS,100,100,100,100,100,100,100,100,100,100,100,100,100,100,100,100,100,100,100,100,100,100,100,100,100,100,100,100,100,100,100
Paraguay,PRY,"Access to electricity, rural (% of rural population)",EG.ELC.ACCS.RU.ZS,,,,,,56.79811384,74.07796068,73.62489528,76.36706818,77.65708579,79.191185,82.29297638,83.72616577,85.61116791,87.50036621,89.64357758,94.28484344,93.12618256,93.3766098,94.74184418,94.42690277,96.29149628,95.14150238,97.87322235,97.72895813,98.5827179,96.05127716,98.50801086,99.1190567,99.37535858,100
West Bank and Gaza,PSE,"Access to electricity, rural (% of rural population)",EG.ELC.ACCS.RU.ZS,,,,,,,,92.77527806,94.95297096,95.27488041,99.18650818,99.09999847,98.11816406,97.50805664,98.96348572,99.05757904,99.42580414,96.45932007,99.51971436,99.90000153,99.90000153,99.00319672,99.3816452,99.67450714,100,99.59596252,100,99.07032776,100,100,100
Pacific island small states,PSS,"Access to electricity, rural (% of rural population)",EG.ELC.ACCS.RU.ZS,,,,,,,,,,41.17589935,53.94845518,55.57661648,42.4559271,43.95225413,45.36215621,47.62179339,46.46052908,68.31371323,53.41652594,50.15687808,58.24207096,60.17084085,62.2188007,61.9463231,67.7293463,71.70335481,74.36866375,75.55690897,78.92623533,80.8207558,83.10124911
Post-demographic dividend,PST,"Access to electricity, rural (% of rural population)",EG.ELC.ACCS.RU.ZS,99.99201546,99.99091627,99.99132214,99.99393742,99.99703772,99.99905408,99.99908004,99.99910713,99.99913559,99.99916564,99.86065879,99.8304674,99.79590347,99.84274872,99.84853574,99.85451763,99.85946277,99.86416955,99.86885296,99.87313139,99.87861132,99.88356419,99.89430844,99.90438745,99.91617275,99.92937649,99.94362152,99.95852463,99.9738986,99.99325727,100
French Polynesia,PYF,"Access to electricity, rural (% of rural population)",EG.ELC.ACCS.RU.ZS,100,100,100,100,100,100,100,100,100,100,100,100,100,100,100,100,100,100,100,100,100,100,100,100,100,100,100,100,100,100,100
Qatar,QAT,"Access to electricity, rural (% of rural population)",EG.ELC.ACCS.RU.ZS,100,100,100,100,100,100,100,100,100,100,100,100,100,100,100,100,100,100,100,100,100,100,100,100,100,100,100,100,100,100,100
Romania,ROU,"Access to electricity, rural (% of rural population)",EG.ELC.ACCS.RU.ZS,100,100,100,100,100,100,100,100,100,100,100,100,100,100,100,100,100,100,100,100,100,100,100,100,100,100,100,100,100,100,100
Russian Federation,RUS,"Access to electricity, rural (% of rural population)",EG.ELC.ACCS.RU.ZS,100,100,100,100,100,100,100,100,100,100,100,100,100,100,100,100,100,100,100,100,100,100,100,100,100,100,100,100,100,100,100
Rwanda,RWA,"Access to electricity, rural (% of rural population)",EG.ELC.ACCS.RU.ZS,,,,,,,,,,,,,,0.536980391,1.689702749,0.668072402,3.982355833,5.128610134,1.497532487,7.441511631,2.605605364,1.13419199,7.279980659,5.752467632,9.17429924,12.53564453,18.9649868,23.62353134,27.11992836,30.39999771,38.19730759
South Asia,SAS,"Access to electricity, rural (% of rural population)",EG.ELC.ACCS.RU.ZS,,,,39.58033844,33.0834754,34.87007744,36.18680586,37.66787127,42.09002018,45.44917912,45.14700809,42.53331814,49.46537021,51.28266895,50.56757095,54.19013854,55.05545376,57.90307078,60.62290105,62.37178616,63.92420061,55.23863261,68.94616391,70.59643115,73.04571461,78.36128659,80.42190792,84.47561995,89.4242591,91.1357837,93.61029008
Saudi Arabia,SAU,"Access to electricity, rural (% of rural population)",EG.ELC.ACCS.RU.ZS,100,100,100,100,100,100,100,100,100,100,100,100,100,100,100,100,100,100,100,100,100,100,100,100,100,100,100,100,100,100,100
Sudan,SDN,"Access to electricity, rural (% of rural population)",EG.ELC.ACCS.RU.ZS,19.45481322,11.21972372,10.83435384,10.61434409,11.15825872,11.7032773,12.25149042,12.80188315,13.35576959,13.91354405,4.496281147,13.71499157,14.06906605,14.41295147,14.74666214,15.07018852,15.38464832,15.69573212,7.31885004,14.72093964,20.96687508,22.98290062,25.00610733,27.05709839,28.94737434,31.35278702,33.62661362,35.8157196,37.76268387,39.51352692,41.16373444
Senegal,SEN,"Access to electricity, rural (% of rural population)",EG.ELC.ACCS.RU.ZS,,,,4.874661673,2.071640547,3.916077591,5.766491962,7.84425288,9.493894373,11.61952226,12.81024265,15.10271454,11.25069809,18.61032677,8.647258759,23.26792717,25.3720665,24.79218674,26.33426666,30.61137962,35.1605072,31.71886826,32.56900024,31.78064537,41.01495361,38.13573074,44.50024033,35.37255096,41.42455292,47.82384109,47.3575325
Singapore,SGP,"Access to electricity, rural (% of rural population)",EG.ELC.ACCS.RU.ZS,100,100,100,100,100,100,100,100,100,100,100,100,100,100,100,100,100,100,100,100,100,100,100,100,100,100,100,100,100,100,100
Solomon Islands,SLB,"Access to electricity, rural (% of rural population)",EG.ELC.ACCS.RU.ZS,,,,,,,,,,8.474956093,,,0.519095242,3.658045769,6.810538292,9.97932148,3.946062088,,19.61422539,8.978038788,27.10957527,31.62420654,36.1707077,40.41705322,45.33889008,51.50003433,55.07954788,60.41228867,63.96145248,68.03981781,72.04631042
Sierra Leone,SLE,"Access to electricity, rural (% of rural population)",EG.ELC.ACCS.RU.ZS,,,,,,,,,,,,,,,9.72633934,,0.602241993,0.719745755,,0.915453494,,,1.226030707,,1.522596598,1.693333149,1.640348673,5.351365089,6.431514263,1.500839949,4.774038792
El Salvador,SLV,"Access to electricity, rural (% of rural population)",EG.ELC.ACCS.RU.ZS,,45.79456876,56.08291283,56.92800258,57.6617685,55.89171594,56.44596118,60.12770222,62.33479599,59.61165219,67.91777039,72.3205719,72.95193481,72.31822205,73.02758026,73.1714859,76.05452728,81.03427124,81.38376617,81.09038544,81.5556488,83.40627289,85.1515274,89.25760651,89.23331451,89.41914368,90.26412964,91.34117126,92.62358093,93.62313843,100
San Marino,SMR,"Access to electricity, rural (% of rural population)",EG.ELC.ACCS.RU.ZS,100,100,100,100,100,100,100,100,100,100,100,100,100,100,100,100,100,100,100,100,100,100,100,100,100,100,100,100,100,100,100
Somalia,SOM,"Access to electricity, rural (% of rural population)",EG.ELC.ACCS.RU.ZS,,,,,,,,,,,,,,,2.322304487,4.595675468,1.737560272,10.62835884,12.54150391,14.41603756,43.09976196,41.67136383,40.68092346,39.72333527,38.83153152,38.02414703,37.27137375,38.28018188,35.22462845,,32.2634697
Serbia,SRB,"Access to electricity, rural (% of rural population)",EG.ELC.ACCS.RU.ZS,100,100,100,100,100,100,100,100,100,100,100,100,100,100,100,100,100,100,100,100,100,100,100,100,100,100,100,100,100,100,100
Sub-Saharan Africa (excluding high income),SSA,"Access to electricity, rural (% of rural population)",EG.ELC.ACCS.RU.ZS,,,,,,,,,,,11.85571111,14.05041631,15.12134581,14.50247705,13.26811042,13.13522343,14.69184201,14.46716701,15.52077573,16.94489098,16.97442812,18.69035283,19.50845317,20.46254463,19.49823639,18.57199636,25.45885591,24.72492069,26.94898814,28.97834796,28.51682325
South Sudan,SSD,"Access to electricity, rural (% of rural population)",EG.ELC.ACCS.RU.ZS,,,,,,,,,,,,,,,,,,,,,0.956415951,0.948455215,1.421110749,1.920299411,2.443794012,2.987698078,3.548422575,2.904734135,4.681169987,5.114366055,5.563847542
Sub-Saharan Africa,SSF,"Access to electricity, rural (% of rural population)",EG.ELC.ACCS.RU.ZS,,,,,,,,,,,11.86457525,14.05985325,15.13128018,14.50975991,13.27518817,13.14243866,14.69936926,14.47346947,15.52733402,16.9520907,16.98127687,18.69676122,19.51478342,20.46847589,19.50423968,18.57761778,25.46415921,24.73137215,26.95502375,28.98431379,28.52143558
Small states,SST,"Access to electricity, rural (% of rural population)",EG.ELC.ACCS.RU.ZS,,,,,,,,,,,44.31971805,52.08740924,49.97022128,51.07307947,47.65069254,48.94224192,47.01369279,53.07690609,52.88251591,52.41670773,52.39560595,54.27697156,55.42420188,57.00710752,57.93391976,59.89536161,61.89823637,63.64583544,71.16842614,68.61057818,67.99704553
Sao Tome and Principe,STP,"Access to electricity, rural (% of rural population)",EG.ELC.ACCS.RU.ZS,,,,,,,,,,,40.06114578,36.59065628,37.60881042,38.61141968,39.6170578,40.62577057,41.63199615,42.64637375,43.68526077,34.14197159,45.91883469,47.15942001,42.76665497,50.04776001,52.41332245,53.61856842,58.59276962,76.19552612,55.7416687,68.0662384,71.07750702
Suriname,SUR,"Access to electricity, rural (% of rural population)",EG.ELC.ACCS.RU.ZS,,,,,,,,,,99.62406,90.84423065,90.63673401,90.40834808,90.15238953,89.86164093,89.56003571,81.81567383,88.8527832,88.47934723,88.11840057,79.36968994,87.51191711,87.30400085,86.99633026,86.88918304,88.35015869,90.46509552,92.39762878,94.28579712,95.41397095,96.6882782
Slovak Republic,SVK,"Access to electricity, rural (% of rural population)",EG.ELC.ACCS.RU.ZS,100,100,100,100,100,100,100,100,100,100,100,100,100,100,100,100,100,100,100,100,100,100,100,100,100,100,100,100,100,100,100
Slovenia,SVN,"Access to electricity, rural (% of rural population)",EG.ELC.ACCS.RU.ZS,100,100,100,100,100,100,100,100,100,100,100,100,100,100,100,100,100,100,100,100,100,100,100,100,100,100,100,100,100,100,100
Sweden,SWE,"Access to electricity, rural (% of rural population)",EG.ELC.ACCS.RU.ZS,100,100,100,100,100,100,100,100,100,100,100,100,100,100,100,100,100,100,100,100,100,100,100,100,100,100,100,100,100,100,100
Eswatini,SWZ,"Access to electricity, rural (% of rural population)",EG.ELC.ACCS.RU.ZS,,,,,,,,,,,10.18149281,18.42891693,16.60499763,19.79513359,22.97344398,26.13962173,27.28783989,32.42848969,35.43934631,28.85190201,39.79189682,44.66520309,48.25957108,51.8358345,59.27682495,58.97540283,58.05110931,69.75870514,69.53918457,72.69454956,75.75619507
Sint Maarten (Dutch part),SXM,"Access to electricity, rural (% of rural population)",EG.ELC.ACCS.RU.ZS,,,,,,,,,,,,,,,,,,,,,100,100,100,100,100,100,100,100,100,100,100
Seychelles,SYC,"Access to electricity, rural (% of rural population)",EG.ELC.ACCS.RU.ZS,,,,,81.30512813,85.508411,86.16660828,84.98026731,87.50867474,88.19623292,88.90874481,89.52036285,92.95690918,90.70677948,91.27716827,91.82922363,98.82302856,92.88716125,93.41410828,93.95597839,94.17942047,96.48349762,96.74872589,96.15267181,100,100,100,100,100,100,100
Syrian Arab Republic,SYR,"Access to electricity, rural (% of rural population)",EG.ELC.ACCS.RU.ZS,,,,,,,,,,,87.27268982,86.54721069,72.23764801,85.01174927,84.1945343,83.34010315,99.20848083,81.558815,80.7270813,79.96082306,83.5585556,81.31819916,80.17696381,79.2492218,79.33091736,78.70970917,78.09654236,77.48590088,69.45765686,76.24828339,75.60992432
Turks and Caicos Islands,TCA,"Access to electricity, rural (% of rural population)",EG.ELC.ACCS.RU.ZS,56.64189756,63.98978265,63.67777328,63.41539281,63.22142779,63.11714861,63.12578004,63.2278234,63.42215122,63.75966056,72.29436493,66.08316803,66.94284058,67.91487885,68.93135834,69.96092224,70.9691925,71.9980545,73.10974884,100,100,100,100,100,100,100,100,100,100,100,100
Chad,TCD,"Access to electricity, rural (% of rural population)",EG.ELC.ACCS.RU.ZS,,,,,,,,,0.957223532,1.121407134,1.29176569,1.411091805,1.520361185,1.620372415,,1.797195196,1.876743674,1.95509553,2.037690401,2.129387617,3.046522617,7.686966419,3.059357405,3.04797101,3.015375137,0.522862852,2.855069637,4.135591507,2.308083057,,1.994306445
East Asia & Pacific (IDA & IBRD countries),TEA,"Access to electricity, rural (% of rural population)",EG.ELC.ACCS.RU.ZS,,,,,,,,,,,87.84393399,88.2132221,88.81773233,88.74909857,90.27014904,89.33695417,91.02530469,90.84247554,91.44541826,92.34253704,92.80100925,93.84999623,94.23972552,94.46644918,94.56315462,95.15289691,95.16819842,96.57262628,96.4368911,96.74632144,96.50773765
Europe & Central Asia (IDA & IBRD countries),TEC,"Access to electricity, rural (% of rural population)",EG.ELC.ACCS.RU.ZS,,,,,,99.99294558,99.82184205,99.7991769,99.81145168,99.44356485,99.76725755,99.79863851,99.8703209,99.88312514,99.83875451,99.84574003,99.80906216,99.85972554,99.86955709,99.89742328,99.89864806,99.85476279,99.94132598,99.91543663,99.94342058,99.87961595,99.95987802,99.96865845,99.97072686,99.98971094,100
Togo,TGO,"Access to electricity, rural (% of rural population)",EG.ELC.ACCS.RU.ZS,,,,,,,,,3.102799587,3.131976895,6.38530159,5.48904705,6.634278297,7.749622822,8.834087372,9.887121201,7.402842999,11.90096855,12.8719492,13.83073807,9.334237099,16.25527382,15.58213711,16.907938,21.13548279,19.63789177,20.98321724,19.45705414,26.32275772,23.57167053,23.95788383
Thailand,THA,"Access to electricity, rural (% of rural population)",EG.ELC.ACCS.RU.ZS,,,,,,,,,,,73.9577713,86.04935455,86.78269196,87.52972412,88.2914505,89.06956482,98.84363556,90.68362427,91.53684235,98.92298126,99.4656601,99.03691864,98.82440186,99.02616119,99.16355133,99.50881958,99.87406921,99.90000153,99.73018646,99.90000153,100
Tajikistan,TJK,"Access to electricity, rural (% of rural population)",EG.ELC.ACCS.RU.ZS,,,,,,,,,,95.93287993,98.02519226,98.21022797,98.7470932,100,98.30645752,99.15570831,98.33146667,98.33952332,98.35198212,98.86245728,98.41305542,98.47314453,98.84703827,98.67879486,98.82567596,97.81748199,99.18683624,99.33695221,99.3372345,99.83033752,100
Turkmenistan,TKM,"Access to electricity, rural (% of rural population)",EG.ELC.ACCS.RU.ZS,,,,,,,,,,,99.51511383,99.76071167,99.76660919,99.7582016,99.73353577,99.6905365,99.81639099,99.55617523,99.48223114,99.41716766,100,99.79880524,99.80283356,99.82579041,99.87041473,100,99.97949982,99.9923172,100,99.90000153,100
Latin America & the Caribbean (IDA & IBRD countries),TLA,"Access to electricity, rural (% of rural population)",EG.ELC.ACCS.RU.ZS,,,64.04113228,65.03240408,67.20938161,63.43048489,65.96835972,66.83200533,68.42928921,69.84551315,70.58502846,73.65544683,74.22147401,74.64089869,75.57619305,76.63322064,78.81541546,79.24134454,81.51830236,82.02120772,83.43500918,84.51408008,85.87159937,86.81969721,87.60851589,88.86294399,93.14770112,90.1752894,90.44882119,91.48361351,93.38994319
Timor-Leste,TLS,"Access to electricity, rural (% of rural population)",EG.ELC.ACCS.RU.ZS,,,,,,,,,,,0.963157237,10.73786831,7.733276844,12.11883354,14.52365589,17.96133041,21.40742111,19.94581223,28.34371567,31.84596062,20.57829094,38.95036316,42.56598282,46.23178101,49.87841797,55.68824387,67.18117523,71.2666626,79.0807724,86.69058228,94.35543823
Middle East & North Africa (IDA & IBRD countries),TMN,"Access to electricity, rural (% of rural population)",EG.ELC.ACCS.RU.ZS,,,,,,,,,,,81.84393904,82.96930281,82.6184701,84.53922627,84.09034502,85.67629653,89.74174765,85.71842748,86.74449678,86.90476096,88.53943074,88.48418126,88.05686422,92.80109883,90.46365926,91.58972525,92.24020492,94.8783441,97.30165417,93.20424326,93.4485843
Tonga,TON,"Access to electricity, rural (% of rural population)",EG.ELC.ACCS.RU.ZS,,,,,75.44701803,77.69865292,78.62925752,79.56154837,80.49511914,81.42901716,82.36280823,83.25592804,84.14020538,85.01650238,85.88599396,86.74942017,90.6672287,88.46580505,89.32778168,90.20081329,91.09008026,90.59922791,91.3002243,93.9175415,94.91751099,100,96.53305817,97.91059113,98.89472961,97.921875,100
South Asia (IDA & IBRD),TSA,"Access to electricity, rural (% of rural population)",EG.ELC.ACCS.RU.ZS,,,,39.58033844,33.0834754,34.87007744,36.18680586,37.66787127,42.09002018,45.44917912,45.14700809,42.53331814,49.46537021,51.28266895,50.56757095,54.19013854,55.05545376,57.90307078,60.62290105,62.37178616,63.92420061,55.23863261,68.94616391,70.59643115,73.04571461,78.36128659,80.42190792,84.47561995,89.4242591,91.1357837,93.61029008
Sub-Saharan Africa (IDA & IBRD countries),TSS,"Access to electricity, rural (% of rural population)",EG.ELC.ACCS.RU.ZS,,,,,,,,,,,11.86457525,14.05985325,15.13128018,14.50975991,13.27518817,13.14243866,14.69936926,14.47346947,15.52733402,16.9520907,16.98127687,18.69676122,19.51478342,20.46847589,19.50423968,18.57761778,25.46415921,24.73137215,26.95502375,28.98431379,28.52143558
Trinidad and Tobago,TTO,"Access to electricity, rural (% of rural population)",EG.ELC.ACCS.RU.ZS,,,,,,,,,,,80.24720001,93.09078979,93.58932495,94.08847046,94.58507538,95.04665375,100,100,100,100,100,100,100,100,100,100,100,100,100,100,100
Tunisia,TUN,"Access to electricity, rural (% of rural population)",EG.ELC.ACCS.RU.ZS,,,,,66.28877951,70.82152766,74.9412992,78.91107357,81.91262474,84.46312063,86.02853394,92.88262177,94.30110931,96.02376556,97.76280212,98.60565186,98.90528107,98.24515533,98.74909973,98.93212891,98.64037323,98.90934753,98.59338379,99.12910461,99.39455414,99.90000153,100,100,99.57798767,100,100
Turkiye,TUR,"Access to electricity, rural (% of rural population)",EG.ELC.ACCS.RU.ZS,,,,,,,,,,,100,100,100,100,100,100,100,100,100,100,100,100,100,100,100,100,100,100,100,100,100
Tuvalu,TUV,"Access to electricity, rural (% of rural population)",EG.ELC.ACCS.RU.ZS,,,,,,,,,,,93.4730835,93.69676971,93.95124054,94.08811951,94.24077606,94.37233734,94.47940063,94.66244507,94.65016937,94.73503876,94.83486938,94.9291153,96.16578674,95.31429291,95.67151642,96.02503967,93.79042053,97.35319519,97.64504242,99.52812958,99.13632202
Tanzania,TZA,"Access to electricity, rural (% of rural population)",EG.ELC.ACCS.RU.ZS,,,2.648260528,,,,2.508797094,,0.853170551,2.573211786,2.005605698,2.652795792,3.280710697,3.249139071,2.609304667,4.743026257,5.169050694,5.570000172,1.041767836,,2.519728422,2.592143774,2.290904522,1.735447168,10.03742123,11.52748013,17.27067947,16.46170998,18.6188755,20.55729866,21.95284653
Uganda,UGA,"Access to electricity, rural (% of rural population)",EG.ELC.ACCS.RU.ZS,,1.978019082,,,,1.877030397,,,,0.525055022,1.510389209,2.272150517,1.966224551,4.121799946,4.964215279,0.710020244,2.078533888,7.428599834,8.23729229,1.855106592,3.468449593,4.464942455,11.52355576,2.803828955,11.90754223,9.046522141,17.69437599,23.14742851,32.54463577,31.79895592,32.83160782
Ukraine,UKR,"Access to electricity, rural (% of rural population)",EG.ELC.ACCS.RU.ZS,100,100,100,100,100,100,100,100,100,100,100,100,100,100,100,100,100,100,100,100,100,100,100,100,100,100,100,100,100,100,100
Upper middle income,UMC,"Access to electricity, rural (% of rural population)",EG.ELC.ACCS.RU.ZS,,,,,,,,,,,92.147812,93.12987295,93.73937192,94.05679745,94.51804324,94.91566177,95.67691756,95.67338489,96.13774974,96.71739806,97.52630304,97.81616656,98.36115551,98.4618875,98.54768103,98.64819543,98.63498935,98.83440701,98.74760983,98.86830578,99.01456408
Uruguay,URY,"Access to electricity, rural (% of rural population)",EG.ELC.ACCS.RU.ZS,,,77.20059027,73.26866982,73.54765916,73.95715491,62.04822945,73.95769019,74.72422112,76.967935,78.50675201,80.95240784,81.93157196,82.85551453,83.65888214,84.26196289,86.56796265,88.15590668,88.00192261,92.59274292,94.22943115,94.6044693,100,100,100,100,100,100,100,100,100
United States,USA,"Access to electricity, rural (% of rural population)",EG.ELC.ACCS.RU.ZS,100,100,100,100,100,100,100,100,100,100,100,100,100,100,100,100,100,100,100,100,100,100,100,100,100,100,100,100,100,100,100
Uzbekistan,UZB,"Access to electricity, rural (% of rural population)",EG.ELC.ACCS.RU.ZS,,,,,,,99.28305133,99.0158556,99.10165773,99.19648891,99.33424377,99.39770508,99.5220108,99.48059082,99.49915314,99.50707245,99.19995117,99.55626678,99.6175766,99.70301056,99.82238007,99.92106628,99.9792099,99.99769592,100,100,100,100,100,100,100
St. Vincent and the Grenadines,VCT,"Access to electricity, rural (% of rural population)",EG.ELC.ACCS.RU.ZS,,56.88387458,60.23339558,61.93668193,63.65477683,65.38877134,67.14090938,68.91383929,70.70871324,72.52612103,74.3899765,78.84661102,78.03365326,79.85899353,81.68467712,83.50899506,85.33198547,86.55622101,89.00847626,90.88330078,92.79754639,94.76316071,96.79264832,98.89582825,100,100,100,100,100,100,100
"Venezuela, RB",VEN,"Access to electricity, rural (% of rural population)",EG.ELC.ACCS.RU.ZS,,,85.79200544,90.59585576,90.52677471,94.69499433,90.52974695,92.20936406,92.39868959,94.78968449,91.86206055,99.17695618,99.80000305,67.13887787,95.39067841,93.37278748,96.88900757,93.13391876,92.90604401,92.69029999,93.03676605,90.75280762,93.50743866,93.76950073,100,100,94.93029022,93.23009491,99.24695587,99.80284119,100
British Virgin Islands,VGB,"Access to electricity, rural (% of rural population)",EG.ELC.ACCS.RU.ZS,94.08379683,94.27099018,94.48666803,94.7034622,94.92213845,95.14404412,95.37031011,95.60210553,95.84089307,96.08679788,97.1881485,97.32663727,97.45352173,97.56768799,97.66772461,97.75209808,97.820755,97.88056946,97.94033051,98.00917816,97.64984131,98.03424072,98.17564392,98.39276886,98.72171783,100,100,100,100,100,100
Virgin Islands (U.S.),VIR,"Access to electricity, rural (% of rural population)",EG.ELC.ACCS.RU.ZS,100,100,100,100,100,100,100,100,100,100,100,100,100,100,100,100,100,100,100,100,100,100,100,100,100,100,100,100,100,100,100
Vietnam,VNM,"Access to electricity, rural (% of rural population)",EG.ELC.ACCS.RU.ZS,,,,,,,,72.37815261,82.27031238,83.23382424,84.20442963,85.12757874,85.57245636,86.98223877,87.91604614,94.78694916,94.8011322,90.76005554,91.73643494,94.61694336,96.35902405,98.54904175,97.00138092,97.87874603,98.85342407,99.73003387,98.77844238,100,100,99.0532074,100
Vanuatu,VUT,"Access to electricity, rural (% of rural population)",EG.ELC.ACCS.RU.ZS,,,,,4.24851073,,,1.164373709,3.02101556,3.330596275,6.748079777,8.615848541,10.48112774,12.34357452,14.20597649,16.06860924,9.236558914,17.80150223,21.68555641,17.55651855,31.72947121,27.71280861,29.84954834,13.7641201,36.17450714,39.89191437,46.58963776,52.93933487,51.04706192,54.39646912,57.65036392
World,WLD,"Access to electricity, rural (% of rural population)",EG.ELC.ACCS.RU.ZS,,,,,,,,,,,66.17904098,66.20759278,68.61565461,67.3450509,66.9151201,67.81976827,68.69612673,68.44550459,69.9791657,71.67747297,71.82832559,68.97439291,73.94076135,74.46235937,74.57640739,75.63222649,77.93952073,81.28893779,83.1083176,84.13856429,82.54437988
Samoa,WSM,"Access to electricity, rural (% of rural population)",EG.ELC.ACCS.RU.ZS,,73.88190442,77.43097309,78.36585046,75.21970211,80.24074265,81.18087121,82.1231409,83.0669332,84.01246959,84.97453308,85.882164,86.81424713,87.75061035,88.6740799,89.58611298,95.7874527,91.38620758,98.07417297,97.44153595,95.71137238,96.16957855,96.24183655,96.95266724,97.54473877,98.95269012,99.61690521,96.10476685,99.99411774,99.04576111,100
Kosovo,XKX,"Access to electricity, rural (% of rural population)",EG.ELC.ACCS.RU.ZS,100,100,100,100,100,100,100,100,100,100,,,,,,,,,,,,,99.61000061,99.51000214,99.5,99.79000092,99.80000305,99.69999695,,100,
"Yemen, Rep.",YEM,"Access to electricity, rural (% of rural population)",EG.ELC.ACCS.RU.ZS,,,30.77044689,25.89519049,26.93787919,28.04066661,29.19635389,27.08157934,31.53886225,32.72535933,33.93299484,35.09857178,36.26483154,37.43429184,32.93897629,40.18714142,39.42030334,42.16017151,43.36985397,44.60333252,42.35927963,43.7539711,29.26478958,64.03333282,50.62494278,53.5731163,55.66996002,71.4414444,,60.67680359,61.94111633
South Africa,ZAF,"Access to electricity, rural (% of rural population)",EG.ELC.ACCS.RU.ZS,,,,,,,23.79161025,49.65441417,40.40604027,52.87897484,54.60397339,49.24235153,64.09096527,66.28208923,73.4449234,72.83343506,72.16578674,74.99903107,74.27848053,75.60697937,75.90297699,77.2795105,81.42615509,80.73778534,82.28664398,80.19794464,75.74927521,76.73898315,77.16849518,77.61182404,75.26485443
Zambia,ZMB,"Access to electricity, rural (% of rural population)",EG.ELC.ACCS.RU.ZS,,,6.672268756,,0.572324599,1.291555989,1.803358015,2.756547993,2.887682822,4.257155586,2.074171782,5.7125144,2.170902729,1.941510916,4.655211926,6.782537937,6.981887341,0.632463813,7.318945885,7.472195148,3.959451437,7.781382084,7.951069832,8.137449265,4.17972517,4.697569847,9.963572502,13.99769688,12.46643639,14.26738071,14.01082516
Zimbabwe,ZWE,"Access to electricity, rural (% of rural population)",EG.ELC.ACCS.RU.ZS,,,3.064069984,6.811377725,4.233107497,7.021267057,7.125636194,7.231357847,7.338138588,13.88493039,7.272541046,7.60102129,7.181255341,8.845042229,9.846710205,10.83047104,9.370756149,12.75723076,13.71360111,19.57489014,15.64667988,14.0800457,23.74674797,18.69828224,7.691811562,10.94931412,22.0870533,24.53108788,26.61712074,28.40487671,37.06024933
